weekly_self_study_hours,attendance_percentage,class_participation,total_score
14.98,69.68,6,91.0
38.03,73.67,3,100.0
29.28,92.73,1,100.0
23.95,67.0,4,89.82
6.24,93.48,10,100.0
6.24,54.41,10,83.18
2.32,88.84,2,78.26
34.65,92.38,8,100.0
24.04,59.09,5,98.91
28.32,71.52,0,95.87
0.82,58.27,2,38.52
38.8,85.33,3,100.0
33.3,76.77,8,100.0
8.49,81.77,10,100.0
7.27,59.82,5,77.77
7.34,60.59,3,74.16
12.17,52.07,0,60.66
20.99,66.1,7,100.0
17.28,77.99,10,100.0
11.65,92.9,1,92.38
24.47,83.35,10,100.0
5.58,71.77,10,92.57
11.69,97.66,7,100.0
14.65,85.96,5,100.0
18.24,96.51,7,100.0
31.41,76.38,5,100.0
7.99,62.95,4,68.23
20.57,52.64,4,82.84
23.7,86.3,9,100.0
1.86,56.07,9,78.66
24.3,65.14,10,100.0
6.82,76.62,7,90.08
2.6,78.22,6,74.99
37.96,80.03,7,100.0
38.63,58.31,7,100.0
32.34,68.99,6,100.0
12.18,80.86,1,82.58
3.91,98.49,10,100.0
27.37,86.38,8,100.0
17.61,96.13,6,100.0
4.88,88.11,10,96.83
19.81,79.59,5,100.0
1.38,59.6,8,73.55
36.37,83.33,0,100.0
10.35,81.17,10,100.0
26.5,80.12,1,100.0
12.47,74.49,0,76.0
20.8,76.43,9,100.0
21.87,66.72,2,90.27
7.39,75.97,10,96.34
38.78,59.88,4,100.0
31.01,90.26,0,100.0
37.58,59.29,3,98.33
35.79,54.25,7,100.0
23.92,71.81,5,97.58
36.87,82.92,0,100.0
3.54,71.89,0,61.26
7.84,63.84,2,67.55
1.81,77.91,9,89.2
13.01,67.35,7,88.8
15.55,96.64,10,100.0
10.85,96.13,10,100.0
33.15,75.12,7,100.0
14.27,66.39,2,84.77
11.24,86.86,6,96.02
21.71,51.84,2,73.2
5.64,73.74,3,66.89
32.09,66.82,8,100.0
2.98,96.03,3,83.82
39.48,50.6,2,92.46
30.89,77.64,4,100.0
7.95,87.03,6,98.57
0.22,74.25,4,68.9
32.62,54.27,3,88.58
28.27,98.62,7,100.0
29.16,75.9,3,100.0
30.85,80.71,1,100.0
2.96,61.83,9,78.76
14.34,74.17,5,99.77
4.63,71.46,1,64.55
34.52,53.74,2,86.98
24.93,55.31,0,70.74
13.24,91.87,4,98.64
2.54,61.99,8,73.67
12.44,59.75,1,59.33
13.01,75.25,6,88.18
29.18,88.44,4,100.0
25.5,53.1,1,79.04
35.49,78.84,7,100.0
18.89,55.96,10,96.4
4.78,51.82,5,68.55
28.53,52.64,3,91.82
30.43,91.71,3,100.0
22.45,55.9,1,71.51
30.84,52.26,2,80.49
19.75,71.89,6,100.0
20.91,92.2,2,100.0
17.1,63.12,4,81.09
1.02,71.09,9,81.02
4.32,52.0,5,57.93
1.26,72.45,5,76.07
25.46,78.88,3,96.08
12.57,78.55,5,97.9
20.34,66.62,2,81.04
36.3,65.78,6,100.0
9.97,55.33,6,67.55
16.42,68.34,3,83.31
30.22,54.97,1,81.6
9.15,88.33,10,100.0
3.08,98.31,6,100.0
11.59,98.5,2,99.6
6.45,93.25,0,78.37
37.19,80.04,1,100.0
32.32,85.04,9,100.0
25.34,64.26,8,100.0
34.86,81.54,7,100.0
32.15,72.78,5,100.0
7.46,74.1,5,86.28
35.7,87.89,0,100.0
21.57,64.1,1,70.42
32.3,65.9,3,100.0
35.84,96.23,2,100.0
12.72,52.81,0,50.82
4.4,74.28,7,81.28
9.12,95.64,6,100.0
17.08,80.52,3,90.27
32.72,77.32,8,100.0
34.43,62.49,10,100.0
0.28,67.16,3,67.39
20.43,92.6,0,100.0
16.7,77.96,9,100.0
8.88,75.74,0,67.03
4.79,54.98,0,56.32
13.5,50.8,0,60.08
37.72,98.18,3,100.0
12.93,68.85,0,72.96
20.75,80.16,1,91.88
28.12,53.99,3,88.56
14.55,84.16,6,100.0
38.87,96.63,1,100.0
38.5,78.78,7,100.0
10.07,56.31,6,71.69
19.89,79.09,8,100.0
12.04,88.32,5,98.22
11.39,70.32,3,74.3
1.48,93.99,5,89.3
24.38,82.43,3,96.63
20.11,94.96,6,100.0
2.06,81.18,8,91.0
11.15,56.56,2,56.1
36.33,65.48,2,97.81
9.58,60.09,1,64.25
5.8,95.44,0,80.59
19.58,88.02,0,90.43
39.43,83.82,2,100.0
9.68,65.05,6,83.38
26.89,59.2,10,100.0
30.46,87.82,8,100.0
9.51,73.71,1,69.37
29.13,61.29,6,100.0
14.71,80.83,0,82.14
25.29,52.02,1,72.33
25.34,66.31,5,93.34
21.43,73.43,10,100.0
3.61,57.4,4,70.38
33.41,99.23,7,100.0
12.83,60.45,10,100.0
7.46,56.52,1,55.87
1.63,60.18,0,50.28
23.64,88.45,6,100.0
27.1,71.28,5,100.0
0.66,78.27,7,81.9
20.48,51.05,10,90.19
9.06,51.72,7,72.2
25.81,72.29,1,89.77
6.97,90.83,7,100.0
27.64,94.26,5,100.0
15.47,54.34,8,86.55
37.47,76.92,6,100.0
5.5,95.66,1,80.78
13.64,69.4,7,96.32
4.54,91.48,8,100.0
36.99,56.68,6,95.27
35.09,96.77,3,100.0
10.32,87.57,8,100.0
26.4,97.07,3,100.0
32.69,83.83,3,100.0
22.21,68.17,8,100.0
21.19,96.91,7,100.0
9.67,63.78,3,77.68
3.72,66.61,7,75.53
35.89,85.04,7,100.0
36.02,88.27,6,100.0
25.32,96.47,9,100.0
13.56,60.24,5,76.0
13.97,89.9,7,100.0
29.04,86.93,6,100.0
35.88,53.19,4,99.19
35.48,69.36,3,100.0
31.2,64.14,1,90.99
25.68,65.22,10,100.0
3.37,99.15,7,100.0
6.47,82.14,8,99.22
35.94,85.88,3,100.0
24.26,98.83,3,100.0
0.37,68.86,4,61.2
4.06,90.09,1,76.2
26.54,71.73,6,100.0
0.2,93.48,4,88.47
6.43,59.03,5,69.09
21.95,97.38,3,100.0
27.68,60.94,7,97.83
26.08,66.31,7,100.0
8.97,87.81,4,95.39
28.49,69.69,5,100.0
9.49,80.41,2,80.81
13.02,72.23,0,82.56
29.86,87.12,8,100.0
25.99,61.42,8,99.47
33.97,52.92,2,90.34
26.3,65.0,3,96.33
22.73,73.72,6,100.0
3.75,58.4,1,59.66
14.71,67.74,2,79.75
10.61,70.0,5,72.02
9.76,52.87,10,85.51
38.92,79.17,7,100.0
15.72,94.22,0,96.93
35.68,57.59,3,100.0
25.25,79.89,0,95.18
31.79,83.24,1,100.0
20.11,70.97,7,100.0
23.08,85.05,5,100.0
19.7,70.54,8,100.0
7.81,75.23,1,72.07
28.9,50.37,2,84.87
11.23,84.59,8,100.0
0.97,83.07,8,89.51
25.82,51.92,5,80.96
7.08,68.41,2,70.44
37.62,98.95,4,100.0
38.16,71.04,1,100.0
36.59,75.1,6,100.0
14.81,95.5,9,100.0
0.62,85.86,10,93.54
37.13,79.1,7,100.0
17.13,89.89,5,100.0
38.67,93.22,7,100.0
38.54,72.84,1,100.0
34.12,73.76,2,100.0
11.78,69.3,6,85.24
15.4,98.34,9,100.0
34.05,84.86,0,100.0
12.68,54.16,6,76.15
6.78,93.15,5,98.69
22.27,74.03,7,100.0
37.45,53.44,6,100.0
27.84,77.49,3,100.0
22.8,70.86,2,94.76
3.89,93.89,2,86.16
24.6,60.2,3,85.81
39.6,91.32,8,100.0
5.6,77.88,8,86.37
20.73,52.73,1,76.6
35.09,98.59,4,100.0
29.63,75.63,0,87.94
27.88,64.54,3,97.91
28.1,73.47,1,100.0
14.38,92.89,7,100.0
11.74,65.25,3,83.28
32.37,59.63,4,99.64
32.4,56.45,10,100.0
34.68,64.89,3,100.0
36.53,89.0,4,100.0
20.45,73.58,4,92.39
20.06,61.37,4,88.04
31.93,58.31,10,100.0
26.0,66.64,2,95.46
28.08,97.0,6,100.0
31.83,67.15,2,92.99
35.6,99.41,1,100.0
13.52,74.26,2,83.8
15.02,58.96,10,96.01
3.76,94.56,2,82.44
23.13,73.02,7,100.0
1.44,85.48,3,73.45
18.62,99.19,2,100.0
21.71,52.51,9,100.0
11.46,54.83,4,69.6
23.63,86.02,3,100.0
1.22,64.09,8,84.01
1.49,59.22,7,67.22
32.9,51.97,10,100.0
14.41,51.09,6,87.02
5.08,88.72,7,100.0
20.89,56.72,4,74.08
30.8,73.39,3,100.0
8.63,80.29,6,92.6
24.92,71.42,0,91.17
3.41,51.36,5,56.46
2.07,89.18,7,90.62
21.25,50.53,6,80.55
21.63,88.09,1,96.57
25.5,94.67,6,100.0
29.04,71.64,5,100.0
39.03,76.78,4,100.0
20.65,73.85,3,83.92
12.92,69.46,0,76.11
31.81,94.37,1,100.0
10.83,94.7,6,100.0
17.56,66.79,9,100.0
3.14,80.75,2,76.63
1.01,96.35,4,97.67
38.51,98.1,7,100.0
33.44,75.45,7,100.0
27.84,72.64,5,98.43
16.36,63.93,4,77.2
6.93,97.94,1,90.04
6.26,57.14,8,73.94
10.01,78.99,0,76.18
21.97,64.13,10,100.0
28.58,63.95,1,83.17
26.41,70.25,0,82.0
11.2,99.94,3,100.0
38.19,52.75,3,100.0
29.52,78.93,4,100.0
22.17,54.13,4,84.61
24.47,57.73,7,94.39
16.78,71.98,10,100.0
9.91,75.52,10,100.0
14.24,62.94,2,74.54
30.31,65.82,5,100.0
0.58,54.35,2,35.44
4.64,65.16,1,68.72
1.84,98.33,7,100.0
1.63,97.24,0,81.39
34.22,66.74,8,100.0
28.15,78.54,10,100.0
18.97,95.48,6,100.0
3.91,50.31,9,75.03
19.66,90.53,10,100.0
18.94,97.42,3,100.0
6.93,54.57,2,60.77
17.35,58.07,5,81.29
15.94,98.04,8,100.0
24.63,76.88,8,100.0
25.4,50.71,3,75.22
1.81,62.88,9,80.66
14.98,72.5,4,91.37
25.03,84.65,10,100.0
20.13,86.66,8,100.0
34.26,99.77,1,100.0
26.35,64.38,1,85.15
6.52,76.91,4,74.65
2.82,76.67,0,60.46
25.7,70.28,7,100.0
1.06,58.46,4,60.2
23.43,98.87,9,100.0
37.61,92.67,1,100.0
23.02,74.92,8,100.0
15.53,80.16,1,87.96
25.73,61.36,6,97.59
18.33,77.19,7,100.0
21.82,84.75,5,100.0
37.66,75.76,10,100.0
15.44,99.51,6,100.0
38.45,80.57,10,100.0
36.21,68.55,0,99.87
7.83,88.61,3,94.59
2.77,58.52,6,72.65
4.03,69.23,0,55.13
0.73,67.35,0,49.32
3.78,71.59,10,88.3
27.32,89.09,5,100.0
2.85,74.21,3,63.9
12.76,89.7,2,95.05
33.8,78.82,4,100.0
0.93,67.1,8,84.61
32.58,90.5,9,100.0
11.27,61.91,9,83.34
4.73,61.22,10,79.85
27.87,75.23,9,100.0
25.16,63.04,2,83.93
35.1,50.45,4,93.57
29.4,82.41,9,100.0
32.14,75.55,4,100.0
11.28,72.28,8,88.73
7.1,98.35,10,100.0
30.02,78.56,9,100.0
32.27,93.17,10,100.0
39.62,56.97,3,98.65
16.5,78.46,0,84.29
14.88,93.4,9,100.0
31.06,79.16,4,100.0
13.63,85.9,0,84.71
37.23,68.6,5,100.0
34.34,54.62,9,100.0
17.16,72.9,9,93.52
30.03,69.72,6,100.0
30.18,93.35,0,100.0
4.12,62.2,9,79.7
36.1,98.34,3,100.0
20.21,97.91,8,100.0
33.06,62.38,0,98.6
12.8,67.4,8,99.91
35.82,94.78,7,100.0
15.57,98.33,4,99.63
0.43,72.17,5,85.06
36.22,66.05,6,100.0
3.65,76.3,3,75.37
12.77,84.39,5,91.49
38.0,63.67,6,100.0
38.02,86.82,10,100.0
22.94,52.58,5,84.03
25.27,52.46,10,100.0
17.94,69.31,5,93.65
11.73,67.67,1,65.28
13.15,65.78,4,78.78
26.9,74.55,2,100.0
30.09,66.04,6,100.0
31.66,59.61,3,96.0
31.58,65.47,0,94.95
3.65,98.75,5,96.57
19.78,70.56,5,96.07
2.3,72.24,6,61.67
21.98,78.83,10,100.0
17.66,99.17,7,100.0
35.51,62.08,2,96.32
14.04,84.06,5,96.76
4.68,85.8,9,96.05
5.72,80.37,1,79.17
30.46,54.43,8,100.0
24.73,83.84,1,100.0
4.04,53.2,2,44.79
3.36,79.81,9,94.08
28.04,86.98,1,100.0
2.91,60.55,8,74.53
32.87,92.08,0,100.0
28.25,51.52,4,85.38
3.25,92.19,0,81.91
3.39,73.02,4,64.92
39.47,60.88,7,100.0
14.97,56.69,7,86.74
14.83,97.67,10,100.0
32.51,53.63,7,100.0
37.89,59.95,1,89.17
39.44,67.39,7,100.0
30.14,81.01,4,100.0
15.05,77.24,0,86.68
3.34,56.28,6,66.8
31.09,64.49,5,100.0
22.34,61.94,4,85.41
16.97,60.68,0,71.34
36.25,70.56,0,100.0
4.45,85.2,5,93.48
19.71,60.87,9,98.94
0.45,68.33,6,76.59
18.75,69.55,9,100.0
2.25,98.82,9,100.0
4.75,97.73,0,89.45
4.7,90.01,8,100.0
25.97,62.08,3,89.19
29.84,53.4,4,93.74
23.33,65.85,1,81.76
38.49,63.34,9,100.0
14.99,75.3,7,97.88
11.43,88.89,1,87.44
34.74,92.92,2,100.0
8.94,92.24,8,100.0
38.53,67.98,1,89.79
0.49,84.36,5,96.65
38.8,65.64,3,100.0
1.73,53.05,6,61.2
35.65,85.08,5,100.0
21.11,50.49,9,94.24
39.72,70.46,8,100.0
2.95,66.47,8,81.68
22.15,84.67,9,100.0
38.77,88.31,3,100.0
20.92,65.2,0,78.18
25.18,90.58,1,99.11
27.83,64.7,7,100.0
18.18,72.32,9,100.0
25.1,86.35,7,100.0
23.37,84.65,1,97.68
36.05,99.37,3,100.0
1.82,61.26,0,49.42
11.24,83.12,6,99.12
38.02,80.48,3,100.0
35.61,95.75,10,100.0
18.23,57.82,7,90.2
24.81,87.59,8,100.0
11.1,78.41,8,100.0
7.52,63.73,2,64.73
18.55,73.72,4,99.65
14.13,66.69,5,84.79
23.35,78.97,5,100.0
3.11,94.45,9,100.0
38.98,78.47,7,100.0
39.45,81.59,5,100.0
27.93,75.94,5,95.61
21.44,52.56,3,76.81
12.38,61.64,6,79.87
32.55,74.6,7,100.0
27.39,65.51,2,88.51
6.5,59.09,6,70.21
36.44,75.21,2,100.0
32.9,66.14,7,100.0
37.99,62.91,0,97.5
29.03,73.2,0,100.0
24.54,56.66,5,91.18
16.73,96.39,9,100.0
37.31,93.39,8,100.0
34.64,85.38,3,100.0
1.81,55.31,5,70.77
1.05,88.79,4,81.8
15.06,90.4,0,86.8
32.42,88.39,5,100.0
39.49,55.7,8,100.0
6.02,82.2,2,82.85
23.77,91.72,10,100.0
15.24,78.87,2,87.43
38.8,82.32,1,100.0
33.68,72.92,3,100.0
33.53,76.44,9,100.0
18.75,51.72,2,68.19
16.59,81.95,1,86.93
10.94,54.07,0,54.65
2.26,71.75,2,62.88
34.59,64.63,9,100.0
32.52,77.27,5,100.0
39.99,56.67,8,100.0
39.87,84.58,10,100.0
22.22,89.75,4,100.0
30.76,58.17,2,93.12
37.79,55.22,4,100.0
33.99,57.28,4,100.0
9.89,93.86,4,100.0
18.02,76.41,6,91.9
5.17,73.36,4,70.74
38.16,55.34,6,100.0
24.25,82.48,8,100.0
9.15,93.4,4,96.19
26.87,91.41,1,100.0
24.73,81.3,4,100.0
14.33,53.76,7,81.38
4.54,55.62,3,55.33
26.86,52.47,1,66.33
20.81,62.87,9,97.31
30.89,56.78,2,85.75
20.81,63.0,8,98.13
34.09,69.25,8,100.0
22.08,97.15,7,100.0
22.44,80.52,7,100.0
35.07,91.75,7,100.0
16.14,85.52,7,100.0
5.36,55.63,7,67.69
1.15,86.8,0,64.27
30.21,63.75,5,100.0
24.81,81.96,8,100.0
28.16,67.05,7,100.0
8.52,99.88,2,98.16
5.45,63.18,10,86.74
0.58,63.96,0,47.88
14.02,96.53,1,98.96
23.6,51.23,10,100.0
15.69,84.83,1,90.41
17.5,86.27,6,100.0
36.17,91.82,5,100.0
13.93,98.72,10,100.0
20.56,98.78,1,100.0
31.35,53.26,7,100.0
15.86,91.09,8,100.0
24.88,82.32,6,100.0
34.49,82.37,3,100.0
37.98,56.42,0,92.42
5.88,82.51,3,84.61
37.06,99.12,3,100.0
19.68,95.59,7,100.0
10.33,71.96,3,74.09
18.37,52.0,3,73.78
39.2,68.11,1,100.0
19.7,91.32,9,100.0
13.15,85.07,6,100.0
25.34,72.97,3,97.39
9.61,52.76,10,81.15
3.03,71.34,5,73.32
5.16,73.45,2,71.1
5.12,96.43,6,100.0
6.08,82.05,5,85.65
5.55,65.58,2,63.76
25.63,76.27,3,100.0
7.28,53.3,9,85.29
13.83,98.63,4,100.0
35.87,68.0,8,100.0
18.96,73.89,5,99.56
26.7,67.76,3,100.0
6.89,84.13,10,100.0
7.69,83.11,10,100.0
1.63,85.77,6,95.69
6.76,63.41,1,62.1
11.14,65.78,3,78.14
7.08,56.26,4,62.1
3.55,82.78,3,80.94
4.83,51.99,3,63.03
18.43,79.88,10,100.0
8.25,93.48,8,100.0
14.57,94.54,10,100.0
20.14,72.45,1,83.99
27.62,72.97,5,100.0
1.57,53.85,7,63.7
31.98,83.54,7,100.0
25.12,91.06,10,100.0
3.27,62.23,6,77.98
34.94,71.07,9,100.0
36.83,91.94,10,100.0
2.44,93.86,3,88.21
11.08,62.16,6,79.74
32.25,77.53,9,100.0
29.93,59.62,5,90.21
7.38,55.09,10,82.89
8.37,95.56,5,100.0
14.82,91.03,1,96.53
19.38,88.0,7,100.0
24.73,52.44,7,95.02
14.76,92.19,10,100.0
18.5,71.9,6,90.57
29.9,67.12,10,100.0
1.47,77.32,8,86.6
10.1,54.57,7,75.97
28.53,87.83,8,100.0
35.81,79.12,8,100.0
20.47,59.33,5,90.05
21.28,59.41,1,74.67
4.29,59.21,6,63.61
17.9,52.85,2,71.82
21.3,79.39,6,100.0
9.7,92.02,8,97.31
10.77,50.87,9,76.45
15.09,52.45,9,83.61
0.8,78.64,1,67.47
12.88,90.97,5,99.22
8.46,66.34,5,78.03
13.1,67.48,8,92.65
4.79,79.82,8,92.81
35.62,63.71,4,100.0
23.74,51.33,4,78.36
27.16,86.76,8,100.0
31.57,81.28,7,100.0
19.94,79.04,6,100.0
3.48,87.08,7,90.99
21.48,83.76,5,100.0
23.47,60.29,2,80.83
29.82,67.62,6,100.0
17.27,56.31,7,83.55
5.1,56.49,7,62.19
11.35,83.81,0,82.68
14.52,92.93,6,100.0
25.84,98.14,2,100.0
22.83,81.42,1,92.32
14.24,59.21,1,67.28
39.46,55.28,7,100.0
24.23,90.64,8,100.0
9.49,78.94,2,84.75
4.07,80.91,2,76.54
6.11,89.07,5,96.65
9.84,85.16,10,100.0
6.43,91.72,9,100.0
7.46,52.81,0,45.44
11.4,87.38,5,96.74
6.93,92.54,2,71.75
35.87,64.31,10,100.0
3.21,82.02,3,78.06
20.98,65.71,8,100.0
16.42,97.9,2,100.0
39.3,51.67,0,90.23
4.48,78.99,2,63.67
15.91,58.33,6,83.47
38.78,85.61,6,100.0
34.62,58.79,10,100.0
32.68,61.77,4,99.7
10.32,74.72,0,78.54
6.84,95.74,10,100.0
26.75,60.59,7,100.0
37.18,57.21,9,100.0
22.27,87.95,7,100.0
22.86,75.03,9,100.0
11.2,95.59,9,100.0
30.78,57.33,9,100.0
7.48,82.3,1,80.78
12.95,61.64,9,89.91
17.02,57.84,2,76.82
20.3,84.17,3,100.0
9.7,79.68,0,67.02
4.59,87.74,3,81.8
24.42,65.47,4,89.41
11.55,72.4,2,68.71
23.25,70.27,10,100.0
6.17,99.2,9,100.0
19.25,64.61,1,80.83
21.3,64.74,5,100.0
2.07,67.73,7,81.81
13.46,78.23,6,93.03
5.38,62.62,10,84.64
2.53,95.76,0,82.6
39.6,63.28,3,100.0
12.89,94.79,2,94.42
32.39,55.17,5,90.46
10.19,82.83,8,100.0
27.26,95.35,8,100.0
30.41,58.44,6,99.61
23.83,98.42,8,100.0
18.86,72.64,7,100.0
16.47,97.29,4,100.0
13.95,83.84,8,100.0
37.18,65.08,6,100.0
33.22,59.42,4,93.59
38.6,65.19,7,100.0
4.97,54.65,6,65.36
29.23,57.19,8,100.0
37.53,55.23,9,100.0
7.25,71.15,0,66.15
2.66,89.78,8,92.62
29.64,57.07,6,93.1
22.98,56.52,0,72.86
33.67,82.17,0,100.0
5.59,59.86,4,64.72
31.81,54.88,7,100.0
8.07,58.34,8,77.39
6.55,96.19,5,99.69
6.57,91.07,9,95.83
32.58,67.7,7,100.0
26.61,82.79,5,100.0
20.92,76.86,10,100.0
14.35,83.86,5,95.24
35.09,84.13,3,100.0
15.7,81.44,10,100.0
32.66,63.31,4,100.0
17.57,51.95,1,71.95
15.08,72.78,2,82.03
18.51,94.55,2,100.0
12.06,78.47,10,100.0
29.9,91.62,4,100.0
20.11,99.58,4,100.0
9.29,58.18,5,75.46
35.98,84.59,4,100.0
15.36,83.71,5,100.0
21.74,99.0,7,100.0
36.26,99.28,1,100.0
24.97,84.33,3,100.0
4.68,62.18,5,75.85
37.59,89.93,4,100.0
25.11,55.35,0,80.34
13.4,89.03,8,100.0
5.57,95.51,2,94.13
31.76,69.14,1,96.9
24.8,81.53,8,100.0
21.34,71.51,6,93.84
35.76,71.89,4,100.0
31.54,65.52,5,100.0
6.07,88.11,10,100.0
12.47,96.81,3,100.0
9.94,97.04,0,93.78
29.76,58.74,3,90.28
1.34,93.74,8,100.0
22.8,86.87,0,82.31
30.5,62.64,9,100.0
35.07,53.36,2,86.2
13.68,63.4,4,75.04
32.85,95.61,6,100.0
4.43,81.66,8,96.09
33.86,86.05,5,100.0
5.1,62.86,2,65.39
15.89,85.97,6,100.0
31.89,51.41,3,82.3
6.0,68.77,2,70.19
9.17,81.34,6,90.92
28.89,57.3,10,100.0
28.8,91.15,10,100.0
25.65,61.75,6,100.0
27.76,82.61,3,100.0
21.71,70.26,6,100.0
10.07,79.8,10,100.0
13.83,55.37,1,70.74
7.26,50.85,0,46.19
36.34,95.48,1,100.0
23.34,63.48,3,89.16
16.03,90.98,7,100.0
18.48,99.97,2,100.0
37.89,60.57,9,100.0
6.13,63.26,5,74.09
23.45,83.14,5,100.0
20.24,98.27,8,100.0
24.46,95.79,8,100.0
0.72,75.14,3,76.25
34.88,89.76,8,100.0
37.28,56.79,5,100.0
22.61,98.87,1,100.0
27.87,98.22,9,100.0
36.9,58.19,10,100.0
28.29,64.97,5,100.0
6.1,55.01,1,44.26
23.05,63.59,7,100.0
24.27,90.8,3,100.0
16.97,68.92,4,88.35
29.46,54.42,7,94.17
37.37,67.11,10,100.0
37.02,99.07,7,100.0
18.03,81.48,5,100.0
4.53,70.81,3,71.06
39.39,58.33,0,94.86
33.56,99.31,6,100.0
4.99,91.04,7,100.0
36.83,64.07,8,100.0
34.8,53.5,1,92.53
20.75,52.83,0,65.9
23.65,56.02,3,80.1
15.96,79.04,4,94.49
2.19,96.44,9,100.0
13.41,74.84,0,77.6
32.11,92.15,4,100.0
0.19,72.29,5,75.4
13.34,85.43,2,96.43
15.93,86.59,6,100.0
21.5,58.7,5,87.1
36.79,68.06,3,100.0
13.85,81.87,2,85.94
13.88,53.53,4,73.8
29.5,68.08,2,98.64
18.09,76.74,9,100.0
8.98,99.81,8,100.0
18.1,73.73,8,99.98
5.63,90.8,5,92.87
7.06,71.6,10,90.91
19.93,89.82,5,100.0
16.76,79.77,3,87.12
36.59,94.33,3,100.0
14.5,70.55,1,83.31
23.22,80.22,9,100.0
25.29,81.5,3,100.0
0.52,70.87,7,70.14
26.54,57.22,9,100.0
7.12,54.68,1,52.34
38.44,50.83,8,100.0
5.95,93.68,0,72.8
16.58,61.82,1,74.79
3.41,60.58,1,50.03
39.87,86.8,10,100.0
20.09,66.0,5,89.18
23.82,75.3,6,100.0
2.68,58.13,2,51.7
30.0,97.99,10,100.0
8.4,92.58,8,100.0
35.92,93.19,4,100.0
8.21,70.34,4,81.43
7.63,88.12,10,100.0
1.46,57.19,3,58.9
18.88,50.43,8,82.42
22.59,51.0,7,87.08
2.63,79.33,3,75.78
31.02,72.77,3,100.0
18.13,75.9,1,89.99
20.98,50.37,8,90.56
17.63,71.13,2,88.6
16.03,85.9,3,95.39
22.39,72.13,6,100.0
6.21,86.61,9,100.0
7.28,61.65,7,74.2
34.47,90.66,7,100.0
37.84,79.42,3,100.0
14.93,60.54,6,80.66
10.83,61.84,9,86.33
25.76,81.4,0,100.0
16.35,91.5,5,100.0
1.02,70.78,5,80.31
6.25,62.92,5,71.17
28.64,93.35,1,100.0
26.36,83.46,7,100.0
1.08,72.4,4,76.11
8.88,74.4,4,83.07
9.24,60.21,1,62.01
26.88,81.34,3,100.0
0.79,67.94,8,78.25
4.16,99.78,8,100.0
32.0,74.01,5,100.0
7.14,74.29,10,97.85
26.11,78.29,8,100.0
9.53,95.84,3,82.27
3.98,90.04,10,100.0
9.73,72.56,0,73.31
28.89,85.93,1,100.0
34.23,79.31,0,100.0
33.21,74.62,7,100.0
15.89,59.62,8,95.69
26.72,73.2,9,100.0
8.2,62.29,5,73.17
11.73,95.74,1,95.0
35.85,66.77,5,100.0
0.52,97.61,8,92.09
3.42,76.65,2,67.98
8.32,81.58,8,100.0
1.06,77.15,1,71.45
7.26,56.47,10,86.5
23.32,68.79,4,92.78
16.86,54.96,10,89.79
35.71,81.15,1,100.0
32.7,72.34,6,100.0
13.67,88.9,10,100.0
10.38,61.02,9,88.78
15.19,58.23,8,85.04
23.61,70.32,6,100.0
10.72,96.33,4,99.24
24.97,85.52,3,100.0
16.38,70.95,3,76.99
22.08,75.86,9,100.0
17.45,54.21,7,85.34
11.78,99.23,9,100.0
37.94,83.32,9,100.0
30.54,64.27,9,100.0
5.6,79.29,9,93.16
34.74,55.47,9,100.0
19.5,98.29,0,100.0
35.78,58.74,4,96.41
31.99,82.4,1,100.0
17.01,62.27,10,95.28
0.9,85.88,8,92.35
10.75,88.84,6,100.0
21.67,83.67,9,100.0
25.34,80.72,7,100.0
10.32,94.62,5,100.0
5.57,53.93,8,79.4
33.4,66.55,5,94.31
39.38,62.41,6,100.0
21.03,99.4,6,100.0
6.87,69.47,8,84.96
10.89,86.63,10,100.0
0.74,84.24,7,96.69
36.57,60.6,0,90.02
4.71,61.95,3,61.7
23.06,64.06,6,91.86
10.96,70.56,10,96.45
22.17,61.72,7,90.81
26.06,50.98,6,92.2
33.19,93.97,2,100.0
8.26,98.28,3,100.0
0.44,67.08,6,75.33
5.48,66.93,7,72.8
36.0,50.35,6,100.0
34.96,84.01,5,100.0
23.9,91.27,8,100.0
24.02,57.33,8,94.9
26.6,57.98,10,100.0
7.01,89.5,6,100.0
36.58,80.81,7,100.0
16.75,52.24,5,86.91
15.33,81.13,0,83.51
20.76,65.45,0,82.97
1.88,68.44,5,73.47
6.65,88.49,1,84.7
29.52,90.55,7,100.0
3.31,70.02,0,61.84
24.13,97.36,1,100.0
9.81,70.32,7,84.8
15.57,88.59,5,100.0
11.55,74.19,9,99.14
14.23,94.88,1,90.96
28.76,95.39,1,100.0
11.88,54.37,10,81.26
22.66,96.82,6,100.0
19.04,91.28,4,100.0
26.55,89.57,4,100.0
37.47,60.05,7,100.0
29.3,90.26,6,100.0
8.6,92.51,8,100.0
1.25,64.46,3,56.91
10.49,97.61,9,100.0
23.8,52.49,3,84.24
2.06,57.5,1,50.5
19.85,76.88,2,87.46
23.87,78.79,0,91.11
13.37,82.26,0,80.15
30.84,50.85,6,100.0
4.26,98.02,4,89.4
3.01,52.23,2,52.06
29.13,57.15,6,98.58
19.82,50.7,1,66.76
27.54,78.34,2,100.0
17.39,96.61,0,97.58
9.86,83.3,7,100.0
32.76,91.13,1,100.0
31.98,50.66,6,99.0
27.79,77.1,10,100.0
10.89,72.98,8,96.94
23.61,74.95,5,95.01
14.44,53.61,1,66.45
3.66,84.22,1,82.15
36.69,75.16,8,100.0
5.47,88.26,9,100.0
38.01,74.26,7,100.0
17.84,57.47,8,97.56
7.41,82.41,3,84.29
21.68,58.62,3,90.55
34.92,93.62,1,100.0
29.29,80.66,9,100.0
32.26,57.86,0,85.34
26.35,98.12,9,100.0
27.69,75.92,3,94.28
33.97,53.64,9,100.0
9.99,81.34,9,100.0
19.58,62.66,10,100.0
8.85,90.18,7,100.0
39.51,90.89,1,100.0
37.76,98.95,10,100.0
1.58,75.09,7,77.55
28.22,72.75,0,82.44
37.01,87.67,0,100.0
7.22,56.62,3,65.86
22.72,77.35,6,100.0
36.62,77.31,8,100.0
1.36,54.47,4,53.88
27.9,70.9,1,86.04
11.89,92.66,6,100.0
36.98,92.81,10,100.0
38.84,54.96,1,89.37
37.77,54.54,8,100.0
18.97,63.13,8,94.21
34.48,93.74,2,100.0
33.78,56.45,7,100.0
12.76,86.0,10,100.0
33.16,55.06,3,93.99
1.48,81.16,2,69.42
23.85,67.8,0,88.42
9.2,89.45,4,100.0
4.82,61.68,10,88.53
3.08,81.96,3,70.51
27.85,61.78,0,90.38
13.59,85.68,9,100.0
28.99,93.68,7,100.0
2.61,56.34,7,75.82
12.61,93.33,7,100.0
21.58,79.68,2,86.31
31.63,56.36,5,94.24
12.75,71.38,6,99.05
25.04,58.04,8,93.02
35.44,85.02,4,100.0
24.63,87.94,8,100.0
9.32,55.29,5,67.85
0.98,75.31,9,86.2
34.8,90.73,9,100.0
0.85,96.81,9,100.0
34.99,75.68,3,100.0
21.16,97.51,0,100.0
37.56,76.78,0,100.0
31.95,69.71,9,100.0
39.92,92.41,4,100.0
14.03,74.65,2,76.3
30.69,73.6,4,100.0
16.08,74.52,4,98.74
19.2,92.34,0,100.0
25.1,91.6,7,100.0
34.95,70.18,4,100.0
39.36,66.66,4,100.0
30.73,74.6,8,100.0
16.71,78.64,7,100.0
16.85,61.92,0,67.03
29.5,89.7,2,100.0
9.55,74.32,6,92.54
4.42,66.7,0,64.85
14.18,55.34,0,55.7
11.49,61.94,4,79.45
11.85,97.46,8,100.0
9.34,65.25,5,78.41
1.68,58.44,9,71.68
0.71,73.03,1,62.9
39.51,65.35,10,100.0
17.11,51.76,8,82.86
15.37,66.16,5,88.54
27.19,77.21,4,98.37
8.73,77.59,4,77.33
38.0,67.83,2,100.0
31.45,72.37,5,100.0
3.58,98.28,3,93.63
16.7,68.87,9,100.0
35.16,62.91,1,96.05
37.79,62.17,2,100.0
18.7,72.89,8,99.87
24.54,87.98,10,100.0
6.68,60.3,10,83.63
39.65,85.46,8,100.0
9.27,51.06,5,66.42
37.71,70.95,9,100.0
25.99,88.79,9,100.0
24.31,66.94,8,95.3
20.51,78.19,3,95.09
9.23,60.25,10,91.61
7.06,87.1,4,90.91
8.82,52.61,9,85.84
7.46,92.63,5,100.0
31.18,59.91,8,100.0
14.01,93.72,4,92.15
2.31,67.63,7,76.69
38.76,86.13,10,100.0
35.35,65.96,0,93.23
37.11,95.3,4,100.0
39.8,56.33,9,100.0
6.96,58.93,0,50.41
15.85,74.65,9,100.0
30.33,54.1,5,100.0
27.84,59.8,6,98.38
6.16,97.19,4,91.49
32.63,98.82,0,100.0
8.98,68.81,5,69.7
8.95,96.16,9,100.0
21.48,77.24,4,100.0
23.72,63.49,5,100.0
23.2,85.12,10,100.0
3.66,82.95,9,99.79
35.1,99.46,6,100.0
10.62,63.25,6,79.57
5.18,83.6,1,68.47
35.55,52.6,2,89.77
38.23,55.68,5,100.0
34.49,50.2,2,89.03
32.38,99.97,1,100.0
26.21,90.11,3,100.0
22.03,89.34,4,100.0
3.48,75.49,10,92.91
16.34,65.0,9,99.01
14.91,57.56,8,88.14
10.39,64.23,2,73.66
28.94,68.8,2,95.16
19.84,87.82,5,100.0
3.24,76.98,4,76.57
8.81,53.87,5,65.09
27.33,50.9,6,89.72
3.05,55.12,10,87.9
34.05,70.52,2,98.71
19.81,96.66,4,100.0
19.22,81.87,7,100.0
23.7,90.09,3,100.0
32.99,73.32,9,100.0
13.91,68.08,1,75.56
27.12,55.42,3,77.33
22.63,93.8,1,100.0
10.68,89.16,2,93.31
35.15,58.41,3,91.68
31.9,75.61,3,96.42
26.34,74.37,9,100.0
34.02,81.25,8,100.0
34.69,97.31,9,100.0
28.33,78.99,5,100.0
33.48,77.01,8,100.0
27.9,52.52,3,81.04
27.21,53.15,8,98.9
24.74,59.37,10,100.0
30.11,51.62,8,94.86
6.34,87.17,5,91.67
35.23,86.17,4,100.0
34.87,56.8,2,87.77
1.17,91.8,4,88.15
33.03,57.74,2,95.7
5.15,65.06,4,74.44
13.4,62.45,4,80.92
29.74,68.62,1,91.09
6.43,62.73,8,85.48
32.72,74.45,6,100.0
33.29,70.37,5,100.0
20.3,99.33,4,100.0
0.26,52.8,3,49.06
11.48,57.11,7,80.83
24.68,52.64,1,86.92
39.25,81.29,7,100.0
25.27,52.73,0,69.45
10.39,91.82,9,100.0
25.36,75.6,0,88.45
21.6,76.35,2,100.0
31.19,78.08,4,100.0
4.28,58.54,5,71.5
30.44,59.88,3,91.56
21.65,65.94,6,98.04
38.52,79.67,6,100.0
13.67,60.51,1,64.96
25.3,55.82,1,74.81
37.28,98.51,1,100.0
4.1,51.1,1,53.72
37.49,90.13,8,100.0
27.52,89.4,4,100.0
2.71,64.86,10,87.44
12.04,56.78,7,90.96
28.33,57.28,4,92.04
2.69,84.87,10,100.0
23.29,82.14,4,98.4
13.84,89.14,0,83.79
24.84,96.87,5,100.0
1.83,84.6,3,85.24
34.86,57.79,2,81.31
38.94,62.17,5,100.0
38.76,92.11,1,100.0
29.99,60.47,7,100.0
5.2,53.63,0,46.69
30.33,85.16,8,100.0
0.98,70.13,7,80.26
0.88,96.0,0,73.7
12.94,82.51,9,100.0
19.55,54.52,8,91.16
30.82,97.39,1,100.0
27.33,62.93,2,83.13
17.84,66.86,1,72.94
10.95,70.11,7,86.1
39.88,52.56,1,93.14
17.05,74.83,9,100.0
18.06,56.17,1,77.32
6.54,70.05,0,65.82
31.79,67.54,6,96.64
27.75,88.64,1,100.0
8.83,90.16,9,100.0
3.3,57.67,4,57.26
27.22,68.33,4,95.27
26.18,68.67,2,89.03
10.93,57.57,2,58.3
38.03,89.92,2,100.0
6.04,85.36,5,83.49
17.29,59.52,3,79.15
37.74,68.34,2,100.0
16.79,55.29,1,60.73
25.54,81.41,2,100.0
15.9,56.07,3,60.32
10.97,99.3,5,100.0
39.36,89.03,3,100.0
16.37,69.51,7,99.86
35.76,78.93,2,100.0
9.2,95.57,2,97.94
8.52,77.7,2,91.12
1.25,58.72,7,78.04
26.07,68.94,3,92.82
14.74,92.16,0,84.16
34.57,82.21,1,100.0
18.93,82.54,9,100.0
38.73,93.34,1,100.0
7.42,94.7,2,84.76
34.74,95.99,5,100.0
31.06,54.74,7,100.0
30.84,77.21,0,98.27
33.79,87.03,8,100.0
30.44,87.85,0,100.0
25.05,80.34,9,100.0
5.25,58.34,1,54.33
1.3,89.87,2,79.25
36.83,86.01,6,100.0
24.67,54.31,8,97.95
31.86,73.19,2,100.0
19.26,58.7,7,90.9
4.69,66.87,8,81.29
5.01,50.9,9,71.69
27.42,70.02,6,100.0
17.21,77.49,3,95.59
8.02,80.98,3,80.18
19.66,83.17,3,100.0
2.57,91.81,5,91.63
23.28,60.77,3,82.95
10.76,56.02,4,72.82
31.9,92.58,8,100.0
12.41,57.83,6,82.35
18.21,98.74,7,100.0
0.46,92.13,4,83.28
2.9,75.04,4,78.16
15.7,99.07,10,100.0
19.2,54.87,6,90.72
24.0,65.15,10,100.0
11.67,81.91,7,100.0
27.8,67.5,8,100.0
34.4,96.42,1,100.0
31.19,53.28,2,79.04
1.58,77.47,1,71.62
19.22,79.54,9,100.0
4.2,82.64,6,83.28
9.68,62.78,1,64.22
39.47,68.23,1,100.0
5.7,92.18,1,90.11
19.96,59.75,3,77.18
24.73,91.34,0,100.0
28.1,78.13,1,87.54
22.39,88.11,2,100.0
0.39,85.68,6,81.66
13.06,60.38,9,92.61
20.71,78.44,0,87.1
3.51,93.39,5,93.44
14.03,71.61,2,84.16
1.33,98.33,2,94.61
3.14,72.61,3,72.12
15.88,57.14,3,77.04
5.31,69.47,6,81.59
22.7,97.59,2,100.0
27.58,65.99,7,100.0
32.02,93.4,7,100.0
8.01,94.06,10,100.0
6.7,67.51,6,85.46
4.18,54.16,1,48.05
25.46,86.23,4,100.0
28.26,65.58,5,100.0
1.26,89.15,9,92.98
37.45,72.13,3,100.0
2.08,74.26,9,88.84
21.65,88.9,4,100.0
28.36,69.12,8,100.0
34.84,72.16,10,100.0
28.56,68.81,6,100.0
32.07,68.37,1,97.27
13.58,76.3,10,100.0
32.59,90.44,0,100.0
3.2,68.09,1,63.05
35.79,76.21,2,100.0
21.9,83.54,10,100.0
32.69,63.47,1,100.0
18.09,63.88,10,100.0
25.74,96.67,2,100.0
21.06,86.18,9,100.0
29.26,78.86,10,100.0
3.27,82.39,10,94.6
2.41,51.46,8,70.34
9.88,80.91,3,85.53
6.38,75.48,8,94.24
34.87,77.29,10,100.0
8.77,67.97,2,74.53
39.03,54.07,0,96.39
13.48,59.67,10,94.38
7.28,97.54,4,94.74
31.59,70.43,9,100.0
26.35,73.33,9,100.0
19.93,52.64,1,76.81
22.21,51.88,3,81.11
28.77,85.86,1,100.0
9.14,76.9,1,81.67
39.85,75.44,2,100.0
38.99,62.16,4,100.0
26.01,87.24,3,100.0
7.98,58.41,1,59.27
27.21,59.5,10,100.0
2.89,73.04,9,92.2
1.23,64.31,1,57.06
10.31,62.37,5,83.99
18.5,82.26,6,100.0
34.73,82.55,9,100.0
29.09,91.23,5,100.0
29.71,70.89,6,100.0
17.02,53.65,0,58.75
13.84,63.68,5,81.8
14.84,99.0,10,100.0
39.51,79.81,2,100.0
1.6,85.49,0,64.48
34.68,50.37,7,100.0
23.15,75.91,3,100.0
17.54,51.88,9,90.11
29.01,78.46,7,100.0
19.47,96.04,9,100.0
34.94,98.42,10,100.0
36.03,77.03,3,100.0
16.87,72.91,3,90.08
11.07,97.25,9,100.0
23.69,83.68,3,100.0
36.49,53.24,5,100.0
8.43,73.29,8,95.15
24.92,62.01,4,87.72
25.26,73.49,9,100.0
29.32,72.77,7,100.0
5.26,79.11,7,90.2
28.63,67.84,3,99.06
36.36,58.21,10,100.0
7.19,75.19,9,100.0
9.5,91.51,8,100.0
38.86,83.2,8,100.0
7.24,66.92,4,78.15
34.18,96.78,5,100.0
19.69,95.61,4,100.0
9.89,60.47,2,76.04
34.83,51.97,10,100.0
17.81,87.07,7,100.0
20.59,91.38,8,100.0
14.37,98.39,3,100.0
23.72,94.49,8,100.0
6.54,80.03,8,95.66
15.64,76.5,6,98.35
38.78,51.39,7,100.0
10.33,62.33,2,73.21
26.27,72.98,4,96.13
13.01,81.43,2,81.21
30.94,77.86,6,100.0
5.23,87.13,5,99.0
38.79,63.99,10,100.0
18.15,78.25,2,93.88
9.44,54.41,8,84.22
2.94,70.68,0,64.15
6.79,87.51,9,100.0
20.79,84.67,2,93.23
13.48,99.53,10,100.0
33.16,63.89,9,100.0
17.24,74.91,10,100.0
9.95,66.48,6,77.5
24.69,72.03,2,96.75
28.27,92.85,2,100.0
6.68,84.21,1,78.92
6.7,94.12,8,100.0
1.47,60.18,10,76.6
29.46,93.67,3,100.0
26.55,52.99,9,99.18
18.99,94.43,5,100.0
33.77,66.45,1,97.86
32.23,65.73,8,100.0
23.41,75.6,6,100.0
34.73,97.03,9,100.0
8.23,52.39,4,60.34
4.48,67.61,6,77.03
10.79,92.83,3,95.83
2.28,69.8,9,85.98
21.25,59.96,6,100.0
37.46,71.24,1,100.0
1.57,69.28,6,65.13
4.88,95.77,3,88.76
18.09,88.1,3,91.52
37.36,75.26,0,100.0
12.65,99.42,2,90.77
20.29,73.26,4,90.6
1.66,52.91,4,48.72
5.93,63.11,1,62.53
39.47,71.8,3,100.0
38.6,57.85,0,94.12
0.2,97.38,8,100.0
38.07,88.34,0,100.0
25.56,63.41,5,98.98
34.72,79.54,6,100.0
18.19,86.07,2,98.73
20.62,97.06,0,100.0
19.55,94.08,6,100.0
26.67,75.76,2,94.08
5.59,88.73,9,100.0
1.2,78.11,5,84.29
12.32,77.64,5,93.19
28.19,55.74,3,91.41
8.07,56.31,10,88.27
26.94,76.48,5,100.0
38.8,63.44,10,100.0
3.76,51.05,9,73.22
26.9,86.14,3,100.0
17.75,51.62,7,83.69
34.73,79.76,8,100.0
7.09,76.96,1,81.46
27.71,98.44,6,100.0
33.52,74.21,8,100.0
37.78,53.18,8,100.0
27.33,77.58,4,100.0
19.89,92.05,0,100.0
24.71,99.84,5,100.0
34.76,71.52,7,100.0
22.82,66.01,0,74.76
1.22,95.33,1,73.8
37.24,59.56,0,92.3
27.58,80.77,4,98.91
27.06,70.29,1,97.85
8.63,52.05,9,85.1
26.36,67.36,9,100.0
15.75,63.26,3,76.66
26.05,84.3,0,98.34
4.26,97.44,6,100.0
26.31,63.4,7,100.0
39.98,90.57,4,100.0
1.93,52.77,1,46.67
39.09,76.91,7,100.0
16.28,53.53,0,64.58
34.83,96.7,6,100.0
31.3,88.32,0,100.0
22.68,82.9,5,100.0
29.54,91.19,5,100.0
35.14,82.38,4,100.0
16.17,98.45,1,97.54
13.08,85.7,1,88.8
26.7,96.23,8,100.0
32.31,75.86,4,100.0
30.49,55.85,4,92.91
31.91,76.41,6,100.0
17.42,56.34,5,78.22
32.71,79.62,1,100.0
4.81,74.12,10,91.25
21.78,81.13,0,96.06
0.23,50.5,4,50.71
12.98,59.74,3,66.94
14.66,74.57,2,83.76
15.85,97.53,1,100.0
27.82,69.18,9,100.0
15.54,71.22,1,86.44
17.95,85.73,3,100.0
9.5,80.19,1,79.81
14.93,64.95,3,75.56
9.09,70.54,2,75.61
2.93,60.88,8,74.89
24.14,98.3,6,100.0
26.73,56.53,10,100.0
24.78,68.59,2,100.0
18.54,51.29,7,88.56
15.19,61.09,8,82.68
34.53,89.02,6,100.0
20.76,60.06,5,92.04
19.17,54.0,3,81.08
1.03,73.72,4,65.85
13.65,50.5,7,81.34
15.21,54.24,2,57.9
15.95,90.38,1,94.0
23.21,88.57,2,100.0
21.34,95.76,6,100.0
24.32,92.73,7,100.0
30.6,84.16,0,100.0
32.52,52.62,6,96.09
28.72,89.14,8,100.0
38.22,92.28,2,100.0
0.73,89.95,2,74.98
7.83,75.42,7,80.63
0.3,61.65,3,59.53
25.9,92.27,7,100.0
35.92,86.36,4,100.0
9.74,99.04,2,97.89
37.08,57.78,3,100.0
2.41,61.28,3,59.84
37.38,60.59,7,100.0
14.06,89.63,5,100.0
4.06,59.35,6,64.32
19.43,53.33,8,100.0
10.27,99.93,5,100.0
11.39,51.24,2,63.95
12.29,91.76,2,98.01
32.12,68.27,10,100.0
21.57,92.08,2,100.0
12.45,77.73,9,100.0
24.41,95.08,1,100.0
28.65,96.31,0,100.0
10.9,50.45,10,80.39
16.54,53.77,9,87.56
4.88,62.52,0,49.34
7.25,83.47,3,90.1
27.24,94.41,2,100.0
7.26,73.0,4,84.0
21.01,80.35,8,100.0
28.36,59.42,7,100.0
4.28,90.25,8,98.15
22.69,98.37,4,100.0
10.26,63.43,7,87.28
38.52,74.74,3,100.0
19.34,54.31,4,78.27
32.24,77.96,2,100.0
22.01,75.14,4,100.0
1.74,57.22,2,49.67
25.33,72.1,4,96.67
38.06,66.71,10,100.0
24.06,76.09,4,100.0
32.77,79.28,5,100.0
35.37,50.42,8,100.0
9.12,88.05,0,89.56
8.48,85.65,9,100.0
24.44,68.31,5,94.79
16.44,52.65,0,55.3
33.59,87.75,5,100.0
36.0,97.76,1,100.0
14.14,62.01,7,96.7
9.47,66.18,10,96.4
31.22,59.19,2,96.66
10.99,78.85,9,100.0
32.9,57.74,5,100.0
16.95,67.81,5,93.7
26.7,84.85,3,99.02
3.82,78.01,4,76.92
24.95,69.32,1,93.15
18.07,71.01,9,100.0
23.46,78.11,9,100.0
6.72,50.29,7,57.15
29.47,53.93,9,100.0
34.51,94.06,6,100.0
8.67,53.89,9,76.1
3.83,85.34,5,88.58
0.95,96.0,6,98.47
25.68,63.53,0,85.0
24.28,68.52,4,84.18
21.87,78.45,6,100.0
9.28,94.09,0,84.88
15.64,97.1,1,100.0
23.78,86.98,8,100.0
19.87,54.33,2,75.67
39.51,83.46,5,100.0
5.46,70.52,6,79.32
27.81,73.54,8,100.0
16.17,52.46,4,77.21
17.13,59.55,3,72.59
28.7,89.53,10,100.0
27.7,72.7,1,95.43
39.65,65.08,2,100.0
5.14,69.2,4,70.24
4.16,92.72,10,100.0
28.97,87.45,1,100.0
23.14,63.62,3,86.01
10.97,55.88,0,46.01
3.18,62.6,3,61.91
3.43,96.04,6,100.0
35.77,79.08,2,100.0
7.67,76.67,9,95.07
12.93,79.82,7,100.0
9.07,68.3,5,77.74
14.2,90.36,5,100.0
2.78,76.16,0,71.96
20.76,55.84,4,86.43
2.7,56.45,2,57.01
32.01,76.84,9,100.0
9.35,96.83,0,92.43
21.6,65.42,7,90.82
35.2,93.48,6,100.0
26.04,88.2,6,100.0
21.32,62.39,9,100.0
12.97,51.82,9,87.37
13.32,55.09,9,88.53
26.78,86.42,3,100.0
39.77,59.98,10,100.0
26.47,68.56,5,96.85
22.31,75.08,8,100.0
29.23,86.27,2,100.0
18.61,55.66,8,91.73
2.41,70.32,3,59.01
22.49,74.25,4,100.0
38.31,77.04,6,100.0
7.01,90.92,5,95.76
27.6,58.58,9,100.0
8.04,90.39,7,99.54
21.43,84.64,7,100.0
3.87,77.79,7,85.9
18.01,84.98,2,95.22
30.25,70.6,9,100.0
13.9,56.92,5,70.19
26.6,83.29,6,100.0
31.82,76.23,8,100.0
37.09,81.97,9,100.0
9.39,66.9,9,100.0
15.97,95.34,3,100.0
6.1,79.37,4,78.93
39.7,54.27,7,100.0
37.08,72.49,0,100.0
21.6,87.82,5,100.0
33.68,89.71,3,100.0
20.84,74.73,4,90.15
24.94,94.74,10,100.0
3.56,63.38,4,70.77
30.21,70.53,1,99.13
5.11,94.93,7,100.0
33.04,94.81,1,100.0
31.28,84.29,3,100.0
28.35,92.95,4,100.0
1.45,54.44,0,49.59
12.13,93.25,5,99.99
10.52,66.03,1,64.27
14.41,58.92,4,67.09
3.51,61.97,5,76.73
37.48,70.9,10,100.0
22.15,62.56,7,98.84
12.22,66.03,8,94.51
15.88,56.75,5,87.01
17.89,64.81,4,84.54
24.02,78.61,3,98.02
20.63,72.09,1,86.29
36.78,67.34,1,100.0
19.88,87.32,6,100.0
39.69,94.68,4,100.0
34.06,87.84,6,100.0
8.34,66.6,10,87.18
37.22,87.22,0,100.0
4.65,57.6,0,50.06
32.7,56.52,4,93.41
15.22,67.28,1,71.52
35.12,90.39,7,100.0
34.72,62.32,2,96.32
32.24,53.16,0,79.85
31.6,56.59,1,92.94
12.19,92.94,9,100.0
3.24,81.69,9,88.19
16.12,62.66,6,89.11
6.94,77.76,5,81.66
27.8,76.38,7,100.0
13.84,82.77,6,100.0
39.02,61.66,9,100.0
25.64,93.22,7,100.0
32.9,65.47,2,100.0
5.3,84.71,5,90.6
34.48,50.81,6,96.79
36.91,68.63,9,100.0
19.48,67.59,10,100.0
24.25,77.17,0,86.57
30.59,53.64,0,89.43
6.99,89.51,6,94.04
20.1,60.89,10,96.87
15.95,83.85,2,93.82
5.85,90.16,2,84.6
14.7,78.09,4,91.14
2.73,87.04,10,100.0
1.03,83.09,5,85.46
5.41,67.78,1,61.06
38.52,90.44,2,100.0
21.98,64.74,5,90.65
38.63,78.56,2,100.0
17.3,87.27,4,100.0
12.47,68.95,8,85.16
20.25,65.14,2,82.16
17.58,72.97,10,100.0
4.23,90.9,5,100.0
25.63,96.5,10,100.0
8.64,77.25,4,83.36
24.78,83.07,4,100.0
26.01,95.16,10,100.0
6.08,54.93,5,64.79
2.45,61.6,5,69.34
31.23,85.45,0,100.0
18.39,91.19,10,100.0
2.33,92.85,8,100.0
39.79,70.76,4,100.0
2.31,54.47,0,47.93
27.8,71.89,7,100.0
39.35,61.54,6,100.0
9.57,64.56,6,88.01
5.69,88.61,4,88.61
4.86,53.78,0,46.82
12.13,91.38,8,100.0
4.04,71.38,10,83.07
27.69,79.8,8,100.0
2.49,54.48,7,66.91
20.38,66.87,4,85.34
39.87,54.49,2,100.0
32.56,98.08,7,100.0
24.61,90.36,0,100.0
12.25,72.98,2,80.55
24.96,61.18,10,100.0
21.08,96.67,6,100.0
17.04,67.23,3,87.92
5.23,58.05,6,74.22
35.46,78.16,10,100.0
17.99,97.19,4,100.0
7.78,50.19,5,57.32
14.71,61.91,6,85.71
16.57,96.92,9,100.0
33.1,58.55,6,100.0
29.34,55.66,6,100.0
30.77,78.51,6,100.0
0.44,93.09,10,99.21
16.65,73.86,6,99.61
19.25,99.73,2,100.0
0.77,83.96,2,70.3
10.39,53.7,6,68.54
30.41,99.64,1,100.0
5.48,70.39,1,71.75
21.41,64.37,2,83.17
8.61,77.89,3,79.43
0.48,65.22,5,60.13
9.65,54.32,7,78.8
39.03,50.07,9,100.0
32.06,72.48,9,100.0
38.38,91.84,6,100.0
19.51,78.62,3,99.5
4.39,99.96,1,87.45
21.92,64.34,1,80.48
18.18,64.02,3,84.46
33.77,57.99,5,100.0
3.92,58.2,2,61.71
19.53,64.26,5,89.4
6.0,89.64,4,90.93
12.99,95.29,4,100.0
29.49,98.75,1,100.0
19.04,61.61,7,90.38
15.04,94.06,4,100.0
15.78,66.41,10,100.0
18.38,55.64,1,64.21
31.4,93.5,6,100.0
35.68,81.81,8,100.0
38.21,58.24,8,100.0
31.48,71.49,0,94.97
12.62,64.36,6,81.84
27.53,86.84,8,100.0
17.5,72.67,5,99.58
10.19,99.46,0,88.28
33.63,52.74,1,77.88
1.54,67.75,3,68.56
36.07,74.1,3,100.0
18.46,75.16,1,79.68
25.49,65.8,7,100.0
26.37,86.46,1,99.52
35.8,93.74,2,100.0
25.47,96.94,3,100.0
24.56,90.25,8,100.0
2.67,92.53,9,100.0
20.74,77.53,0,83.11
6.01,91.29,7,100.0
29.5,65.18,4,100.0
20.49,69.92,6,96.94
27.21,65.85,7,100.0
1.67,73.37,4,75.24
3.39,64.28,7,68.54
28.65,98.08,9,100.0
2.88,65.64,10,89.0
2.85,54.9,7,66.17
0.48,76.34,8,78.18
38.26,52.85,1,91.24
29.5,55.53,2,85.78
14.13,60.97,0,60.12
11.86,73.22,3,74.55
13.99,71.66,4,85.68
30.99,89.98,10,100.0
26.45,86.97,0,99.24
7.41,71.32,7,86.53
6.96,66.69,1,59.19
3.94,65.82,0,55.21
26.41,88.7,1,100.0
30.57,52.6,4,89.02
10.6,50.64,8,68.88
0.84,89.78,8,94.46
3.29,73.86,1,60.68
38.71,56.54,1,96.03
11.82,61.78,2,71.2
30.77,96.63,6,100.0
24.99,92.98,10,100.0
15.28,85.49,2,87.16
8.23,74.11,0,76.96
4.86,76.02,5,81.4
24.6,98.76,2,100.0
30.99,98.29,0,100.0
25.76,60.76,3,90.26
21.21,90.56,0,95.94
1.68,59.86,0,49.42
38.74,60.68,1,100.0
31.95,83.8,9,100.0
11.71,70.25,7,91.56
39.2,96.58,1,100.0
24.08,54.45,10,100.0
23.3,75.58,1,83.38
29.92,95.93,10,100.0
32.47,95.21,10,100.0
26.26,57.83,9,100.0
5.12,68.33,9,83.7
13.53,80.96,7,100.0
37.12,57.97,5,100.0
8.98,98.4,10,100.0
14.89,95.74,3,100.0
17.28,58.35,2,77.19
17.58,56.06,0,69.86
24.52,54.27,10,100.0
37.72,95.47,2,100.0
9.63,59.68,8,82.68
4.86,70.81,4,72.65
7.9,72.44,5,80.7
35.48,79.95,4,100.0
25.83,53.59,0,75.69
11.44,61.34,9,91.25
32.64,96.57,0,100.0
34.45,95.42,3,100.0
33.86,89.06,2,100.0
36.76,50.97,10,100.0
10.09,66.35,7,94.53
30.2,81.4,6,100.0
18.42,63.76,10,100.0
33.68,95.48,6,100.0
29.14,81.69,7,100.0
31.06,53.6,9,100.0
26.25,95.45,6,100.0
7.1,97.89,9,100.0
21.8,53.89,1,73.48
39.39,76.62,3,100.0
37.5,65.17,10,100.0
1.73,69.64,5,69.21
6.59,58.98,2,60.87
5.27,78.9,2,63.77
29.04,97.9,5,100.0
32.71,75.15,0,98.77
8.54,54.15,0,51.88
20.23,81.0,4,100.0
33.63,67.01,0,86.79
29.31,92.8,9,100.0
21.69,71.73,7,100.0
23.61,59.64,1,78.32
20.33,59.56,5,82.22
11.9,88.44,9,100.0
22.6,63.28,9,100.0
27.56,88.36,4,100.0
34.93,60.29,9,100.0
25.45,66.08,3,95.14
30.44,73.27,0,93.36
6.4,97.16,2,84.16
18.46,96.59,3,100.0
0.37,60.34,1,50.54
9.87,67.91,1,74.41
29.06,57.47,1,85.39
39.67,75.5,10,100.0
3.97,73.03,0,69.17
16.06,95.04,9,100.0
32.0,96.5,1,100.0
8.16,69.18,5,87.06
22.2,74.59,2,99.11
29.32,94.81,9,100.0
24.64,90.34,4,100.0
7.52,50.18,0,51.08
14.22,66.0,7,91.66
31.35,71.09,3,100.0
22.17,61.49,8,100.0
0.21,59.98,3,60.49
30.44,51.89,1,83.41
1.41,82.17,2,76.51
29.83,63.13,4,96.3
8.1,52.62,9,78.54
38.32,61.55,5,100.0
14.72,90.1,6,100.0
13.08,92.57,3,96.92
5.96,74.15,6,81.29
12.22,70.8,9,99.0
35.07,98.89,2,100.0
39.85,60.03,6,100.0
14.73,60.77,3,67.18
17.94,64.59,7,93.64
28.88,58.64,8,100.0
35.45,68.97,6,100.0
23.72,95.54,7,100.0
15.66,80.77,7,96.48
16.5,70.6,1,81.07
27.82,96.72,8,100.0
0.13,52.42,5,59.56
24.78,60.51,10,100.0
14.22,78.29,3,89.71
31.77,80.78,4,100.0
3.72,51.98,9,73.83
23.53,70.15,4,99.79
19.24,82.46,6,99.17
25.69,84.9,8,100.0
2.59,81.91,6,94.57
23.2,66.03,8,92.36
22.46,54.68,3,78.99
22.43,71.36,9,100.0
24.14,56.44,9,100.0
27.06,97.38,3,100.0
32.2,73.76,5,100.0
10.79,65.86,7,84.88
33.0,88.32,8,100.0
19.93,74.9,0,80.42
3.08,65.5,0,61.64
2.34,90.6,7,100.0
13.37,93.36,10,100.0
31.4,83.65,6,100.0
28.31,52.35,8,97.23
31.54,78.32,10,100.0
20.69,88.16,2,100.0
17.61,56.83,9,88.55
5.9,61.43,4,64.38
13.13,94.12,2,99.61
17.36,51.01,4,78.33
3.54,87.64,9,98.25
8.82,73.69,0,62.87
23.93,72.34,10,100.0
29.43,50.35,3,88.51
39.93,90.97,5,100.0
37.32,67.99,1,100.0
25.7,77.04,6,100.0
16.85,83.87,7,100.0
25.45,85.13,0,99.44
31.43,97.8,3,100.0
4.73,76.57,10,96.37
16.4,69.99,3,77.43
33.59,97.69,4,100.0
15.35,82.11,3,88.4
22.87,64.91,8,96.58
23.51,56.32,6,90.21
7.38,92.13,1,80.75
14.49,68.11,0,71.62
13.38,83.02,8,100.0
1.05,73.54,0,65.07
0.97,59.95,5,68.19
33.27,80.08,1,100.0
10.92,53.03,3,64.78
20.72,70.67,5,98.44
11.95,77.33,4,79.41
37.63,71.8,10,100.0
10.37,87.43,5,90.11
17.19,91.4,2,100.0
34.91,88.56,4,100.0
33.68,51.94,1,84.04
7.44,59.71,6,70.85
32.11,76.83,2,100.0
18.33,96.74,0,100.0
19.32,91.75,7,100.0
5.34,92.13,7,93.36
3.22,65.16,2,69.52
29.12,71.47,6,100.0
19.86,73.54,8,100.0
17.47,57.87,7,89.8
29.18,51.55,2,82.18
30.62,97.35,1,100.0
6.36,62.04,9,80.27
24.41,62.0,6,97.62
5.41,54.17,6,65.69
30.06,96.43,8,100.0
26.28,78.99,4,100.0
38.26,83.35,3,100.0
2.76,95.58,7,100.0
2.28,67.28,3,56.86
11.29,81.08,3,85.41
10.47,51.94,1,59.22
9.88,59.34,0,55.2
36.25,91.56,3,100.0
9.98,88.34,6,99.3
10.88,67.53,8,96.88
30.38,68.84,8,100.0
17.99,76.68,9,100.0
31.07,50.01,0,77.68
2.61,62.06,4,65.7
19.5,60.41,6,92.83
1.34,62.52,6,69.7
2.51,90.3,9,100.0
36.26,63.98,5,100.0
5.57,59.58,10,84.92
21.3,75.21,9,100.0
16.44,93.28,3,100.0
13.89,62.07,2,75.83
35.99,53.93,8,100.0
0.87,67.82,9,81.53
26.55,87.38,3,100.0
38.54,77.53,7,100.0
22.41,90.84,0,100.0
37.47,97.98,6,100.0
2.09,89.63,5,88.78
16.75,80.19,0,89.96
10.41,74.67,3,74.4
29.23,52.0,4,90.68
39.25,99.22,10,100.0
10.26,69.17,7,86.81
26.17,57.61,3,91.22
7.92,83.34,2,83.17
22.61,64.21,1,71.34
18.56,79.29,3,89.82
38.88,79.34,10,100.0
24.34,72.29,9,100.0
13.98,91.81,3,100.0
4.56,63.25,9,91.49
6.05,72.43,4,75.49
9.01,76.88,6,100.0
10.04,83.18,8,100.0
34.02,89.2,1,100.0
22.45,69.74,4,91.56
20.94,82.3,10,100.0
4.59,57.53,9,86.57
34.41,96.63,8,100.0
28.91,69.15,2,90.94
2.71,86.48,0,71.29
28.31,51.02,1,78.27
21.74,60.26,5,84.5
3.27,74.35,4,66.63
18.33,93.91,0,96.08
19.39,76.36,0,82.75
6.63,96.49,10,100.0
37.83,74.19,3,100.0
34.0,74.52,3,100.0
26.76,55.99,5,90.39
18.49,90.13,5,100.0
16.47,62.35,9,100.0
26.04,94.98,5,100.0
21.82,95.54,0,99.54
2.49,97.17,9,100.0
20.5,76.01,8,100.0
32.26,83.85,10,100.0
18.37,88.93,6,100.0
2.08,56.55,6,72.89
31.45,80.05,10,100.0
8.05,51.71,6,70.01
10.34,74.88,1,78.53
6.59,57.74,1,54.37
13.21,59.15,5,80.58
30.27,68.25,6,100.0
20.78,71.62,2,80.89
8.2,81.16,3,86.06
35.11,53.72,2,85.61
35.18,75.18,6,100.0
34.82,59.13,6,100.0
9.55,78.7,3,82.61
18.05,81.87,6,100.0
39.4,77.84,4,100.0
30.88,86.91,0,100.0
1.09,66.78,9,76.65
2.61,88.26,3,79.74
18.56,71.64,6,99.55
36.37,74.21,1,100.0
21.55,82.41,1,90.57
19.91,50.92,0,58.79
4.22,82.7,1,75.63
26.27,80.93,9,100.0
32.88,65.49,7,100.0
15.22,54.29,10,91.87
31.02,54.55,7,100.0
38.58,96.16,7,100.0
8.15,84.46,0,69.49
20.93,56.36,0,64.6
11.49,67.84,9,100.0
31.71,79.62,3,100.0
23.1,91.78,5,100.0
25.38,52.18,7,90.9
31.92,61.83,1,84.92
15.84,94.49,2,91.54
36.6,50.46,5,100.0
21.32,60.07,9,100.0
6.32,97.95,3,95.0
27.84,80.67,1,93.94
31.73,63.08,6,100.0
12.67,53.35,3,64.37
34.29,51.41,7,100.0
36.25,62.24,7,100.0
11.08,94.07,6,100.0
39.34,70.8,9,100.0
5.63,86.02,8,100.0
8.08,95.91,3,96.2
7.37,70.4,6,85.64
35.76,59.56,9,100.0
26.17,75.86,9,100.0
6.08,95.4,0,84.19
17.61,90.22,3,100.0
24.61,53.29,1,75.53
3.34,84.63,8,89.34
35.3,78.59,4,100.0
32.14,95.37,2,100.0
20.21,56.12,3,82.24
38.69,76.7,5,100.0
16.71,93.97,9,100.0
39.36,70.5,0,100.0
26.72,74.1,6,98.67
25.39,53.52,7,89.15
6.64,63.91,6,77.94
35.28,66.23,6,100.0
17.1,97.26,8,100.0
6.49,64.13,3,69.94
0.5,73.04,6,77.1
22.39,83.57,8,100.0
21.1,58.11,4,80.61
28.77,74.32,1,100.0
35.61,86.93,4,100.0
3.18,93.34,3,80.83
29.26,81.31,7,100.0
7.5,83.45,4,86.02
34.33,56.31,8,100.0
32.76,97.29,8,100.0
21.63,56.63,2,76.33
28.41,88.73,9,100.0
12.57,63.24,5,84.61
18.85,96.68,5,100.0
32.87,86.0,3,100.0
18.37,87.69,10,100.0
14.31,60.95,9,95.48
19.77,72.15,2,79.3
33.13,80.89,0,95.62
13.41,88.5,6,100.0
6.95,55.2,4,58.44
28.48,98.12,9,100.0
33.04,94.51,6,100.0
4.03,63.52,0,56.47
9.59,91.14,7,100.0
5.68,75.92,2,82.25
13.92,73.09,6,100.0
18.01,65.72,2,78.8
29.95,79.05,2,100.0
26.05,86.49,9,100.0
24.84,70.55,8,100.0
14.09,81.46,1,80.92
33.66,84.97,3,100.0
18.85,85.56,5,100.0
39.16,52.6,2,97.1
25.37,92.99,9,100.0
5.05,72.91,9,78.5
27.05,63.12,6,100.0
13.0,62.09,6,83.08
27.45,74.15,4,100.0
2.79,94.34,2,86.68
7.0,68.92,1,59.13
34.23,87.49,3,100.0
9.09,54.84,3,60.18
33.48,73.8,10,100.0
11.17,99.58,7,100.0
25.72,88.52,7,100.0
27.77,60.53,4,99.41
20.51,75.07,5,93.04
12.21,61.68,7,89.83
8.51,70.48,0,70.19
1.33,89.0,4,74.71
12.16,88.56,3,100.0
26.13,61.41,3,89.94
37.53,96.11,10,100.0
34.85,79.63,1,100.0
30.64,69.0,9,100.0
31.54,75.1,0,91.99
26.6,80.25,5,100.0
10.41,77.99,6,96.99
36.29,74.32,4,100.0
26.83,75.25,7,100.0
22.42,58.82,8,99.12
4.44,90.64,10,100.0
17.88,77.09,10,100.0
18.41,56.55,1,80.93
34.58,88.31,10,100.0
21.87,96.62,3,100.0
15.22,97.37,10,100.0
39.07,68.45,8,100.0
4.43,56.78,4,66.68
16.9,75.92,2,92.16
1.68,55.63,5,55.17
29.6,96.7,2,100.0
36.72,59.18,4,100.0
11.2,62.64,2,64.86
34.33,70.33,5,100.0
11.69,69.16,9,89.07
36.43,89.73,4,100.0
30.16,72.82,8,100.0
32.2,58.54,2,87.2
0.72,63.36,5,67.87
38.51,75.46,7,100.0
29.07,57.37,6,97.84
12.19,80.58,5,98.26
33.18,78.29,1,100.0
11.26,85.74,6,100.0
34.91,96.89,7,100.0
4.5,95.61,0,85.85
28.15,97.3,8,100.0
21.63,62.24,3,79.0
3.86,56.58,7,73.52
9.68,65.11,9,86.31
0.5,94.75,6,87.99
18.75,98.6,9,100.0
12.05,92.97,6,100.0
23.93,55.5,1,80.07
11.89,97.37,0,96.24
12.0,71.17,3,70.82
29.73,50.47,1,74.9
1.93,72.12,7,73.71
36.12,52.3,9,100.0
34.09,77.19,6,100.0
26.71,66.93,7,100.0
23.73,73.67,10,100.0
35.69,80.66,5,100.0
7.41,93.44,0,72.12
3.16,83.1,8,100.0
9.58,71.7,5,81.14
31.78,90.97,9,100.0
1.39,95.28,0,75.25
23.31,55.99,0,80.48
39.82,76.6,7,100.0
34.23,64.23,5,100.0
20.86,52.35,7,90.55
2.55,83.43,7,82.74
33.25,93.14,10,100.0
23.96,58.15,7,95.53
4.6,90.62,9,100.0
3.75,92.67,6,92.56
36.39,95.72,6,100.0
26.77,63.26,9,100.0
33.17,95.2,3,100.0
35.16,66.03,8,100.0
22.87,77.62,1,87.55
20.7,52.53,10,90.6
17.22,52.19,8,96.05
12.68,86.02,9,100.0
17.38,72.22,2,78.09
30.96,62.81,1,81.69
24.08,59.52,3,90.88
35.7,83.5,4,100.0
17.74,50.02,1,63.03
24.28,90.29,0,100.0
25.25,53.96,9,100.0
23.67,59.57,10,100.0
28.11,69.31,4,100.0
9.5,74.24,8,95.46
20.49,67.75,4,96.1
4.17,66.04,10,91.86
15.38,98.2,9,100.0
19.51,82.08,8,100.0
26.09,51.17,9,100.0
38.02,71.51,5,100.0
24.03,93.75,2,100.0
29.74,65.07,3,97.58
20.25,54.73,3,83.26
25.36,87.92,0,100.0
2.84,80.3,2,77.92
10.18,78.52,2,90.34
14.47,52.68,0,56.37
18.9,57.02,8,95.81
1.83,81.13,10,100.0
5.6,60.39,0,50.55
11.07,75.2,8,95.02
38.86,77.24,0,100.0
13.25,64.18,1,65.37
19.28,97.42,1,97.37
7.84,92.12,5,100.0
24.43,86.12,6,100.0
11.23,53.9,10,88.75
8.28,55.31,0,53.95
20.66,74.64,2,88.31
0.22,58.04,1,51.1
0.31,98.91,7,100.0
8.76,57.93,8,82.05
1.47,74.37,1,75.1
4.32,68.21,1,58.26
13.55,81.97,9,100.0
32.1,56.45,8,100.0
22.88,71.52,3,88.25
20.51,63.74,4,86.83
11.74,94.39,10,100.0
37.27,52.03,8,100.0
15.88,95.69,5,100.0
3.48,91.65,9,100.0
24.68,64.88,8,100.0
4.55,89.46,8,100.0
13.81,51.56,6,84.21
20.3,98.34,9,100.0
34.97,76.33,8,100.0
19.74,65.16,4,82.86
28.09,68.13,4,97.47
39.71,53.32,7,100.0
5.26,99.47,9,100.0
10.99,51.96,3,67.25
15.78,82.75,8,100.0
16.87,72.14,6,95.99
16.44,97.45,6,100.0
36.3,62.3,2,100.0
28.56,76.6,3,100.0
24.32,74.12,6,100.0
12.37,85.14,10,100.0
32.95,53.4,10,100.0
38.2,59.69,4,100.0
32.85,60.73,2,91.46
0.06,86.91,0,65.86
25.46,59.46,6,95.49
2.05,78.67,5,78.28
10.3,60.76,9,94.02
2.38,93.08,6,92.95
24.15,97.11,1,100.0
27.46,75.92,3,100.0
4.58,67.62,1,60.33
15.35,61.7,7,89.55
18.25,52.49,6,84.15
14.76,63.43,0,62.77
4.84,82.71,1,81.16
16.76,76.68,1,87.64
30.05,97.2,3,100.0
2.84,69.81,2,61.86
3.21,84.69,0,72.1
14.19,74.47,1,79.8
37.67,75.63,10,100.0
26.74,63.39,8,99.53
27.15,72.75,0,91.33
14.48,73.54,8,93.07
23.75,85.33,6,100.0
0.41,97.03,1,70.47
25.44,66.47,1,77.45
36.53,52.11,4,100.0
24.5,74.81,4,98.52
34.95,77.22,3,100.0
28.96,58.42,9,100.0
4.82,88.02,9,100.0
36.1,99.25,2,100.0
2.66,97.29,3,89.19
21.36,59.86,9,100.0
5.69,93.77,3,87.81
0.47,85.22,1,80.46
16.88,72.69,4,90.1
11.8,77.03,4,79.51
19.44,92.48,4,100.0
23.09,74.01,10,100.0
1.75,68.66,10,81.77
4.92,74.66,9,88.02
22.35,78.96,0,89.86
13.73,59.45,5,80.78
29.17,95.05,10,100.0
26.09,83.71,1,100.0
33.82,81.66,6,100.0
27.7,54.97,3,79.56
17.2,80.21,4,100.0
26.92,56.05,4,89.02
11.02,53.93,4,74.45
12.25,76.37,1,80.99
31.56,70.14,4,100.0
17.86,79.44,2,90.22
31.94,54.46,3,93.3
32.9,71.55,1,97.65
34.3,58.74,3,92.89
36.67,99.36,8,100.0
17.24,78.06,7,100.0
12.75,84.37,10,100.0
23.29,66.27,2,92.41
14.85,54.74,0,61.04
24.04,98.79,0,100.0
28.22,64.31,5,97.32
27.54,71.19,2,98.15
14.98,82.49,3,94.72
6.67,51.23,0,53.5
17.22,90.51,7,100.0
5.7,76.83,0,66.02
35.6,63.91,4,100.0
13.84,53.08,5,75.33
6.18,58.12,1,52.38
1.02,94.75,6,100.0
25.83,84.3,6,100.0
25.48,62.5,0,84.49
13.62,53.28,3,61.65
2.87,84.53,3,89.5
16.39,78.62,4,86.84
12.45,70.23,0,76.88
27.08,68.18,0,86.64
24.23,60.84,6,93.92
14.58,83.48,8,100.0
8.72,98.53,0,92.45
39.52,58.79,1,92.93
18.16,79.86,5,96.6
27.53,71.21,5,100.0
5.62,72.33,1,59.08
19.42,62.71,8,94.55
1.1,91.26,3,98.53
20.22,74.26,6,96.83
38.56,77.17,5,100.0
15.37,65.24,10,97.7
1.56,59.09,10,81.69
1.24,54.3,2,54.19
15.52,85.71,7,100.0
6.4,59.81,6,72.53
0.93,84.5,8,100.0
30.25,69.52,2,94.97
18.34,70.79,0,79.81
11.57,73.46,1,76.88
36.0,68.39,10,100.0
4.65,55.03,0,48.17
38.24,65.48,10,100.0
12.56,83.19,4,91.46
35.54,83.29,9,100.0
24.12,64.31,1,79.2
33.07,73.01,2,100.0
39.36,59.67,7,100.0
11.54,60.52,9,89.19
38.45,51.15,4,94.73
15.58,94.84,3,99.72
15.42,60.54,4,76.34
13.62,61.38,9,83.51
21.66,63.98,5,87.15
6.17,56.37,6,63.08
22.15,81.96,8,100.0
21.67,53.76,0,72.1
30.48,56.71,3,94.87
33.35,82.24,8,100.0
17.62,66.98,4,87.56
12.09,85.4,7,100.0
10.37,77.87,0,71.69
7.78,62.8,3,69.12
2.31,82.54,8,96.54
13.7,55.81,0,54.48
10.81,76.82,0,89.91
38.66,71.86,3,100.0
22.31,63.39,2,84.19
13.89,80.2,6,100.0
23.22,93.57,10,100.0
5.57,99.95,2,92.83
17.76,80.39,0,86.28
25.05,70.24,10,100.0
19.56,61.26,9,96.69
16.07,62.85,1,75.16
39.75,73.97,9,100.0
35.21,68.36,3,100.0
24.94,95.69,0,100.0
22.78,68.41,0,75.13
24.83,68.67,7,100.0
8.05,69.18,6,90.18
15.81,91.83,7,100.0
1.58,82.54,3,76.11
19.02,80.71,5,100.0
21.72,66.71,2,100.0
9.11,90.9,10,100.0
38.56,51.92,7,100.0
36.38,93.54,3,100.0
28.89,75.64,2,100.0
21.34,69.91,3,82.51
34.8,74.86,5,100.0
5.23,83.37,10,100.0
31.62,50.64,6,100.0
4.99,93.58,6,100.0
31.77,72.34,3,100.0
11.03,67.15,7,77.14
35.08,56.91,6,100.0
37.76,71.97,1,100.0
5.95,74.82,7,89.27
18.51,70.18,8,93.7
39.24,83.93,4,100.0
19.34,71.04,3,83.21
34.54,98.07,3,100.0
23.55,79.96,3,100.0
15.01,90.37,5,100.0
11.43,55.47,10,100.0
8.13,69.86,3,73.8
30.47,66.84,6,100.0
15.46,78.47,6,91.49
20.45,93.06,4,100.0
19.69,53.92,4,79.25
23.09,53.63,9,93.07
34.62,92.52,7,100.0
39.23,60.64,6,100.0
16.3,83.44,6,100.0
33.1,77.14,5,100.0
30.58,91.64,6,100.0
22.94,56.25,6,92.93
38.24,56.49,9,100.0
8.02,77.84,1,77.96
4.37,97.32,9,100.0
34.16,70.75,1,98.99
17.57,66.35,9,100.0
33.88,80.33,6,100.0
35.72,96.52,9,100.0
2.5,91.85,6,93.27
35.34,99.77,6,100.0
17.93,51.13,4,73.45
20.42,55.64,0,69.18
25.06,80.47,1,95.09
37.06,91.03,8,100.0
0.76,64.26,7,80.03
19.07,61.96,7,93.92
27.51,89.35,9,100.0
28.91,52.82,0,69.71
27.7,68.47,5,100.0
5.38,75.29,8,89.48
11.98,78.02,7,93.64
14.35,86.43,2,92.47
32.18,67.74,3,99.66
11.15,80.63,2,84.29
8.43,79.27,5,89.14
38.3,77.38,8,100.0
0.35,82.02,7,85.05
39.91,62.97,9,100.0
27.07,54.23,3,90.79
33.14,55.96,1,88.82
11.78,61.23,7,80.82
0.57,75.01,7,83.69
29.51,92.02,10,100.0
33.37,85.06,5,100.0
29.62,89.45,7,100.0
5.71,67.55,8,88.52
30.14,70.23,0,99.55
30.76,69.68,8,100.0
26.34,59.59,1,85.12
30.64,53.06,0,84.57
33.84,79.55,7,100.0
24.54,99.46,7,100.0
3.54,58.34,10,81.71
19.51,52.33,3,74.62
3.11,88.98,7,93.19
16.3,62.63,6,91.79
16.28,91.48,1,86.41
2.64,85.2,4,80.65
13.95,97.28,9,100.0
4.44,70.45,3,62.5
32.33,83.1,2,100.0
37.91,73.24,0,97.29
2.89,81.53,4,77.75
38.2,72.48,9,100.0
20.9,59.43,7,96.86
11.98,75.39,8,93.15
3.07,76.43,6,86.25
20.02,90.53,10,100.0
31.78,86.78,0,100.0
28.28,83.19,0,100.0
2.01,55.67,0,46.24
2.92,86.03,1,71.04
16.11,75.02,0,75.63
11.81,94.7,3,94.81
9.3,95.99,9,100.0
11.24,52.76,8,79.78
32.14,91.03,3,100.0
37.17,51.88,3,100.0
16.2,68.36,6,80.34
36.24,77.11,10,100.0
12.86,57.41,8,85.63
19.06,87.32,6,100.0
9.04,50.42,0,47.04
25.62,58.43,0,73.71
39.16,79.04,3,100.0
24.14,85.72,3,100.0
14.31,95.83,0,98.86
25.91,85.27,5,100.0
4.92,83.59,9,98.81
35.55,69.72,1,98.43
20.12,50.06,10,90.3
17.97,56.01,4,75.93
23.43,76.73,7,100.0
24.99,83.76,2,99.37
2.87,70.87,8,81.34
27.3,86.53,6,100.0
9.68,76.09,8,97.15
28.56,53.71,0,79.05
32.9,59.6,4,99.09
32.16,92.0,2,100.0
22.1,86.25,3,94.7
20.81,94.74,3,100.0
5.72,55.88,10,76.7
31.01,99.51,6,100.0
10.86,60.47,9,92.95
19.87,50.59,10,99.01
11.37,99.87,7,100.0
5.35,64.05,10,87.0
25.18,83.4,9,100.0
2.17,58.83,4,57.94
29.95,79.01,9,100.0
12.7,95.2,6,100.0
0.01,66.01,2,57.94
20.45,83.51,2,91.11
1.87,59.4,2,51.63
11.05,81.24,3,82.91
28.28,66.82,5,100.0
2.51,60.56,4,68.79
33.57,65.66,7,100.0
0.15,58.94,4,48.07
9.87,95.1,10,100.0
29.64,69.86,4,100.0
12.65,62.26,9,90.87
4.08,72.42,1,62.69
14.41,66.03,10,100.0
10.82,87.22,10,100.0
33.71,98.56,4,100.0
12.53,71.9,6,92.63
31.56,93.05,1,100.0
35.67,78.29,5,100.0
17.35,57.86,6,92.01
36.4,84.53,4,100.0
15.09,75.67,8,100.0
38.56,82.53,3,100.0
3.57,94.48,9,100.0
27.48,72.02,0,95.24
19.75,95.06,7,100.0
15.51,87.53,7,100.0
25.31,74.43,6,100.0
28.15,80.16,7,100.0
0.17,66.28,1,60.87
6.68,99.18,2,90.21
28.52,83.37,8,100.0
26.66,52.19,0,74.58
38.64,66.33,7,100.0
30.44,81.17,7,100.0
38.03,52.82,6,100.0
28.1,51.19,10,100.0
11.92,72.5,4,85.72
4.21,66.63,3,63.74
31.27,71.91,9,100.0
25.77,63.13,9,100.0
1.93,58.24,9,70.64
14.4,84.46,9,100.0
38.27,75.73,5,100.0
20.02,60.01,10,98.17
17.31,65.98,0,69.13
18.31,79.59,4,98.17
8.36,53.61,3,54.39
14.75,57.37,3,67.56
14.79,53.66,6,88.95
2.09,90.62,8,100.0
30.7,87.62,7,100.0
16.66,87.67,10,100.0
32.89,85.82,7,100.0
34.01,83.47,4,100.0
8.48,73.85,5,83.62
26.29,82.11,1,100.0
18.89,51.92,10,84.01
35.21,81.07,2,100.0
8.63,88.89,4,94.29
27.11,75.02,1,97.2
24.31,67.88,2,84.91
11.81,63.87,3,75.57
5.46,82.14,5,84.15
26.07,84.64,4,100.0
29.54,93.55,9,100.0
12.63,67.12,3,82.39
25.79,88.49,1,99.76
15.81,78.07,10,100.0
28.53,94.14,4,100.0
7.97,76.39,4,82.54
35.61,75.88,10,100.0
11.5,78.89,6,100.0
14.71,87.47,0,89.36
2.32,98.23,3,92.41
4.46,53.68,10,71.96
20.63,52.67,4,84.74
10.7,96.88,7,97.25
33.42,76.49,7,100.0
0.59,80.75,0,69.97
15.16,74.12,4,87.33
13.49,54.68,9,93.3
0.77,88.4,0,71.34
4.97,87.36,0,76.17
16.55,65.59,1,77.02
19.71,65.31,1,94.84
16.17,91.89,8,100.0
21.24,53.62,3,80.88
23.81,94.06,2,100.0
0.4,62.83,10,81.46
18.56,79.65,0,81.93
38.54,96.8,1,100.0
20.76,83.91,5,100.0
27.1,70.72,8,100.0
12.47,84.48,4,94.96
30.96,67.2,3,95.66
30.92,63.86,4,100.0
20.85,99.83,8,100.0
39.04,87.54,6,100.0
5.02,82.24,7,96.57
0.68,67.76,3,63.76
30.81,52.46,10,100.0
32.29,51.55,7,100.0
4.81,77.71,5,86.42
10.62,88.1,4,89.69
0.7,76.87,6,81.64
11.73,92.04,5,100.0
30.93,51.67,2,87.32
20.72,68.34,4,91.82
13.92,61.85,8,93.39
14.87,72.36,6,96.0
0.05,53.62,3,55.73
11.99,97.71,6,100.0
25.86,61.16,4,84.19
38.97,96.12,10,100.0
33.88,71.29,1,93.17
0.94,99.28,5,97.56
35.94,77.7,6,100.0
31.33,96.54,7,100.0
31.22,50.27,5,94.42
18.32,87.41,7,100.0
15.92,95.15,6,100.0
12.12,56.99,1,60.0
2.63,54.81,5,69.2
9.13,71.23,8,93.7
9.86,96.68,5,100.0
19.36,77.12,3,97.93
29.9,76.37,6,100.0
18.95,57.06,2,74.57
2.31,50.04,4,56.14
38.31,90.51,0,100.0
37.71,54.38,9,100.0
31.41,81.69,2,100.0
39.65,95.73,7,100.0
21.78,60.43,8,98.08
38.51,83.26,8,100.0
3.02,53.93,9,75.1
14.63,80.19,1,77.56
9.02,58.2,3,72.81
7.83,86.8,4,91.44
5.63,65.06,2,63.79
24.9,73.17,10,100.0
31.25,79.97,0,100.0
23.13,58.56,5,93.44
5.88,87.08,9,100.0
32.44,65.13,1,97.63
25.44,83.12,8,100.0
15.53,57.91,0,69.38
26.97,84.41,10,100.0
10.4,56.41,8,75.99
13.81,71.27,6,99.92
36.7,62.36,10,100.0
11.62,87.42,9,100.0
18.8,63.1,1,67.36
35.61,94.09,5,100.0
28.31,94.59,7,100.0
2.49,59.82,1,46.27
5.89,80.69,4,85.89
0.31,54.39,10,71.39
25.24,69.58,5,100.0
17.91,85.67,2,93.17
5.37,82.97,1,73.65
38.32,81.24,10,100.0
21.19,64.13,5,98.11
9.68,68.9,2,70.87
20.02,55.15,1,67.52
27.18,85.95,0,100.0
3.05,75.19,7,77.91
10.99,85.44,0,84.66
32.28,62.45,4,100.0
18.39,66.22,10,100.0
21.86,66.71,5,97.79
17.31,51.29,10,96.16
1.76,67.05,2,70.3
6.63,90.17,6,100.0
17.82,94.86,1,100.0
8.37,75.91,6,93.29
2.0,72.78,1,59.19
33.75,51.54,4,97.61
39.25,93.96,6,100.0
31.73,50.65,10,100.0
34.15,97.24,10,100.0
9.68,74.46,2,79.19
38.43,67.1,10,100.0
7.88,96.21,3,100.0
38.06,51.22,0,88.6
39.79,79.07,2,100.0
28.47,77.45,8,100.0
39.25,60.97,9,100.0
22.78,71.44,4,100.0
10.38,82.61,7,100.0
17.48,86.36,1,97.01
23.74,50.04,2,75.37
2.92,96.84,6,96.36
24.89,58.23,9,100.0
39.25,61.68,3,97.91
7.6,63.17,8,81.58
31.7,51.89,6,88.7
36.32,56.15,10,100.0
37.75,99.32,0,100.0
38.41,65.76,3,100.0
20.86,55.77,9,96.9
39.09,55.35,10,100.0
30.29,85.97,5,100.0
6.47,92.73,5,95.08
19.08,62.85,9,96.76
28.73,51.05,5,87.02
9.89,61.15,4,75.79
25.62,52.83,2,74.71
26.66,55.17,1,76.11
6.51,71.58,2,60.63
22.6,61.5,8,98.85
30.87,75.8,2,98.24
19.96,62.67,2,80.48
0.48,97.03,0,73.45
0.36,95.3,1,80.19
14.28,78.34,10,100.0
37.05,67.72,2,100.0
9.15,69.06,1,71.71
25.37,70.59,7,98.73
8.88,86.38,5,88.44
12.87,72.58,6,91.78
33.92,92.84,0,100.0
29.15,97.2,5,100.0
3.82,66.8,1,67.76
17.15,78.03,5,100.0
1.17,54.75,2,53.81
19.24,60.02,6,86.06
26.5,70.67,2,96.47
4.74,60.31,8,74.41
11.56,93.83,2,95.95
15.91,57.91,6,78.82
36.78,72.78,3,100.0
39.73,80.28,7,100.0
1.8,84.59,1,78.99
30.44,69.15,7,100.0
14.87,93.45,8,100.0
15.7,78.42,7,100.0
30.17,71.98,5,100.0
36.74,53.36,9,100.0
38.04,73.23,0,100.0
23.08,91.04,6,100.0
14.28,80.73,0,82.0
31.5,91.61,6,100.0
10.04,74.7,1,81.55
22.56,55.92,7,97.36
14.34,50.68,1,64.74
26.27,65.16,2,93.14
9.62,84.9,2,91.25
7.66,89.51,0,78.52
36.73,64.79,4,100.0
4.07,74.78,4,77.06
20.24,71.06,9,100.0
8.83,70.53,4,73.75
1.56,61.57,8,71.52
1.44,56.82,5,74.61
7.01,59.83,5,71.96
34.67,52.77,2,91.63
11.3,59.91,4,67.37
38.02,50.46,9,100.0
23.26,81.36,6,100.0
17.46,65.82,2,86.8
23.2,98.66,1,100.0
20.67,59.69,4,87.54
30.35,67.29,2,99.95
11.3,67.89,4,76.92
14.12,50.42,8,88.22
35.76,91.96,10,100.0
37.86,51.6,9,100.0
35.7,97.01,0,100.0
16.78,94.6,3,95.87
31.21,76.78,9,100.0
19.05,77.18,4,87.68
19.9,82.69,1,98.85
8.19,69.35,1,68.18
23.65,82.36,0,83.12
7.45,52.24,7,73.6
13.26,52.7,1,58.39
34.2,72.86,2,97.91
8.28,77.48,1,83.31
2.85,94.39,3,88.46
2.76,55.23,0,46.03
37.63,91.13,2,100.0
20.28,60.5,4,77.17
16.38,69.7,9,95.89
32.44,65.83,0,98.01
33.43,70.01,3,100.0
13.29,57.52,5,77.08
27.74,75.18,3,92.21
30.84,90.08,6,100.0
26.19,72.08,6,100.0
6.06,74.53,5,83.79
35.04,92.44,8,100.0
21.56,85.3,1,100.0
11.3,74.52,9,99.02
17.01,62.88,7,94.08
1.5,94.25,7,96.62
5.11,78.85,10,100.0
30.62,61.06,9,100.0
0.0,63.46,10,81.61
16.66,90.16,3,100.0
20.9,52.21,5,89.07
2.19,99.6,10,100.0
38.92,56.52,5,100.0
9.05,89.8,4,83.73
12.17,69.74,0,72.7
12.16,74.61,2,77.7
9.22,94.03,6,100.0
0.06,70.65,7,85.32
29.17,76.87,1,99.67
38.67,52.46,2,100.0
8.97,50.12,3,68.78
26.52,62.24,10,100.0
29.68,84.03,4,100.0
33.94,56.06,2,91.42
16.91,55.69,4,75.76
12.12,70.55,7,96.31
13.01,82.39,7,100.0
28.5,85.6,1,100.0
32.67,58.92,5,100.0
7.26,53.98,3,61.0
14.84,97.02,8,100.0
36.08,63.03,9,100.0
32.27,92.67,1,100.0
39.39,93.17,7,100.0
30.17,88.63,0,100.0
15.73,58.44,10,100.0
23.63,91.09,5,100.0
26.44,88.46,10,100.0
3.14,79.84,10,94.29
21.78,66.86,9,100.0
28.37,63.13,0,94.39
6.69,56.09,1,52.46
31.23,75.49,2,100.0
23.35,79.26,8,100.0
38.09,67.97,4,100.0
1.7,73.77,9,89.53
10.61,68.18,9,97.86
24.06,82.05,1,100.0
11.86,95.06,9,100.0
28.58,58.2,4,95.02
30.36,69.07,4,100.0
4.1,57.04,0,43.11
20.55,81.25,2,91.02
20.36,86.44,4,100.0
14.77,96.6,8,100.0
37.32,63.94,9,100.0
33.1,97.51,0,100.0
27.89,53.16,7,98.76
28.57,80.15,0,92.52
18.47,52.86,8,91.59
36.84,94.69,5,100.0
27.78,76.49,0,89.28
29.16,83.47,7,100.0
34.47,91.58,4,100.0
10.96,57.52,6,75.59
32.28,51.93,6,87.18
7.81,93.94,6,100.0
13.81,65.75,5,88.28
13.42,56.45,10,91.3
39.14,73.42,7,100.0
34.26,79.92,8,100.0
28.05,51.55,1,74.56
29.08,63.74,6,100.0
22.48,51.64,1,82.85
37.88,71.02,5,100.0
19.85,94.76,1,100.0
15.22,99.13,9,100.0
6.52,81.85,5,90.26
31.45,58.08,1,88.61
29.38,95.29,0,100.0
15.37,75.81,6,98.46
1.01,57.69,2,53.1
33.56,96.09,3,100.0
0.46,87.87,5,79.28
28.15,86.59,4,100.0
38.81,85.46,3,100.0
17.51,60.02,8,96.51
9.4,60.55,5,80.3
28.19,84.41,5,100.0
32.69,60.99,1,81.67
21.86,71.93,5,98.41
38.68,89.1,6,100.0
2.07,89.2,7,91.18
20.19,72.66,7,97.15
28.74,89.61,8,100.0
34.51,91.93,9,100.0
7.17,82.74,10,92.91
32.0,61.42,2,97.04
22.11,63.7,9,100.0
15.86,65.74,6,92.66
5.27,55.84,6,67.98
34.61,63.66,0,92.19
6.29,60.48,7,74.82
12.39,72.77,3,82.53
11.6,95.42,4,100.0
34.86,55.22,5,96.8
26.91,86.01,2,100.0
31.87,84.36,4,100.0
10.02,54.79,9,86.44
24.99,96.13,4,100.0
22.87,78.42,0,99.69
33.31,68.19,2,100.0
36.24,87.83,2,100.0
0.49,62.87,0,49.64
26.96,84.68,6,100.0
2.07,51.99,0,38.36
21.95,91.97,6,100.0
11.51,72.41,3,71.81
12.27,81.83,8,99.58
14.12,61.06,6,84.26
24.85,83.85,4,100.0
13.36,88.61,6,95.03
29.31,73.66,8,100.0
16.18,80.89,9,100.0
2.73,72.82,5,75.72
31.35,94.7,0,100.0
11.43,74.89,5,86.57
17.31,92.09,0,91.74
27.42,90.07,3,100.0
13.3,70.53,7,94.25
2.26,61.5,4,75.46
14.96,70.3,4,82.47
37.78,91.31,9,100.0
25.67,61.38,10,100.0
26.86,76.22,7,100.0
25.29,90.3,7,100.0
7.96,67.67,0,51.84
16.73,82.11,4,95.11
30.04,62.28,4,100.0
4.05,55.46,7,68.77
11.11,89.72,0,81.01
11.05,54.95,6,77.43
17.28,63.57,6,94.12
39.21,92.76,8,100.0
2.7,67.32,1,56.09
20.75,98.65,2,100.0
7.17,98.99,3,94.79
38.83,63.41,0,100.0
4.53,52.05,6,72.49
16.14,85.25,9,100.0
29.52,72.55,2,100.0
28.18,55.04,2,75.17
16.91,85.38,2,100.0
13.86,51.56,7,76.54
15.9,93.51,8,100.0
10.57,56.93,9,85.05
8.21,56.37,1,53.93
19.32,58.78,9,92.6
10.74,98.01,9,100.0
11.5,84.66,0,86.3
26.27,90.07,8,100.0
38.74,69.88,5,100.0
24.15,66.82,8,100.0
3.08,61.72,5,66.74
3.02,74.03,1,64.42
38.06,77.59,0,100.0
11.89,81.59,7,100.0
3.68,62.86,2,56.76
23.96,97.43,0,100.0
24.95,58.49,7,98.58
25.94,98.28,0,100.0
10.7,50.74,7,82.81
0.6,74.06,0,59.78
38.6,66.67,8,100.0
10.04,72.46,8,100.0
27.04,78.53,8,100.0
28.27,71.78,2,100.0
24.4,70.74,3,93.34
12.52,86.64,4,97.48
10.84,84.29,5,88.86
23.91,91.66,8,100.0
34.64,62.5,10,100.0
37.87,80.48,3,100.0
4.24,79.26,5,88.63
6.19,68.49,0,56.18
37.79,74.3,1,100.0
29.46,65.69,7,100.0
35.32,57.09,3,96.7
8.11,60.69,9,84.53
23.5,55.28,6,92.83
28.05,84.15,3,100.0
27.2,83.04,8,100.0
16.33,97.53,8,100.0
0.62,86.48,3,79.02
23.32,52.6,7,99.97
10.12,94.21,5,100.0
18.01,93.13,0,95.97
38.3,72.17,6,100.0
15.96,79.29,0,83.32
33.59,98.8,2,100.0
7.54,76.62,7,86.79
26.9,95.27,8,100.0
39.08,54.15,2,100.0
4.08,59.55,0,49.15
0.33,72.04,0,57.27
17.34,79.24,6,100.0
3.71,90.81,4,84.15
29.94,99.41,0,100.0
36.58,69.44,5,100.0
17.36,52.37,5,77.96
10.35,90.06,3,99.87
17.38,80.22,6,100.0
28.94,59.93,6,96.39
0.36,74.74,8,84.78
23.58,87.12,0,100.0
24.53,88.52,4,100.0
25.51,74.98,9,100.0
9.68,65.26,2,71.28
28.56,98.69,6,100.0
3.66,83.17,3,83.29
7.97,70.41,3,70.26
35.1,64.02,0,94.3
29.55,86.56,0,100.0
0.55,62.11,9,76.31
9.94,58.59,1,62.44
8.58,76.49,1,73.27
10.83,64.5,0,53.03
9.9,81.45,7,98.14
2.5,55.9,5,64.23
18.36,82.75,5,100.0
29.31,64.16,9,100.0
24.27,50.01,9,91.73
26.91,56.35,8,100.0
3.25,96.68,4,100.0
38.06,93.37,3,100.0
33.54,61.68,10,100.0
32.2,88.92,5,100.0
32.92,80.43,7,100.0
37.31,98.55,0,100.0
21.77,68.68,6,96.76
8.01,84.07,7,100.0
24.67,53.18,8,100.0
29.72,69.81,10,100.0
29.52,98.19,7,100.0
20.86,76.95,6,100.0
2.74,64.39,2,63.64
14.84,56.01,1,71.51
36.83,85.18,2,100.0
23.38,82.24,3,100.0
21.53,68.7,3,84.46
10.75,97.55,5,100.0
14.74,51.11,6,75.44
35.81,65.19,3,100.0
26.66,96.05,9,100.0
31.5,66.05,5,98.2
18.17,62.61,8,85.43
25.21,76.71,5,100.0
9.94,91.19,2,88.72
28.22,55.16,0,74.61
17.1,97.15,10,100.0
17.7,89.75,9,100.0
25.97,59.06,9,100.0
37.45,85.6,4,100.0
2.56,69.25,9,75.72
32.99,70.11,9,100.0
11.7,89.16,2,89.37
17.76,98.14,7,100.0
0.88,56.33,9,65.89
12.04,71.03,0,75.15
20.11,74.05,10,100.0
2.25,68.82,1,65.26
19.64,68.16,2,85.72
37.08,52.61,2,92.49
4.22,84.28,7,100.0
30.58,71.81,4,100.0
16.39,59.74,7,85.52
26.21,90.8,10,100.0
10.41,90.13,10,100.0
6.38,74.32,5,88.72
6.42,64.92,1,62.4
2.82,81.9,10,99.82
7.43,64.41,3,60.48
26.57,61.8,8,100.0
35.27,86.53,3,100.0
32.57,52.02,4,93.73
27.41,54.74,4,86.68
4.42,50.34,9,67.39
11.57,57.65,7,77.08
12.39,53.45,5,78.67
10.0,99.79,9,100.0
20.6,64.44,6,97.33
21.42,57.46,5,82.18
14.28,62.05,4,64.0
14.15,96.81,4,100.0
33.14,76.01,2,100.0
31.57,68.24,6,100.0
12.31,93.67,9,100.0
36.55,69.75,4,100.0
38.11,66.75,6,100.0
13.07,60.36,1,69.82
14.18,68.89,8,92.97
20.23,65.83,7,99.68
37.64,83.87,4,100.0
35.05,64.48,1,100.0
4.1,78.86,5,80.13
15.71,53.29,7,83.75
22.13,59.56,6,85.07
20.13,70.37,7,100.0
7.75,96.85,3,100.0
34.35,68.86,2,100.0
27.08,83.2,6,100.0
33.52,62.75,1,95.22
34.35,56.35,4,100.0
29.93,52.93,6,96.67
17.57,65.27,0,74.19
24.42,57.88,3,83.74
6.41,58.7,1,62.64
26.95,88.04,5,100.0
7.17,50.79,0,44.32
27.76,77.89,6,100.0
9.18,68.97,2,70.93
4.7,75.33,0,69.59
6.61,78.14,7,92.19
0.08,65.67,6,67.41
28.75,64.76,1,90.61
29.3,86.67,6,100.0
20.6,93.56,2,100.0
6.45,59.63,8,81.11
3.34,54.88,7,67.34
0.77,94.89,4,89.99
6.63,67.49,6,86.53
35.63,77.57,2,100.0
9.66,67.98,0,67.99
14.17,56.29,0,61.68
4.21,79.47,10,100.0
8.89,76.26,1,71.41
20.77,60.15,7,94.59
24.31,72.59,0,92.79
9.81,89.85,10,100.0
2.31,79.52,4,71.74
15.64,54.85,8,80.19
9.37,77.4,8,91.31
8.78,85.14,1,84.62
38.39,89.64,6,100.0
24.65,81.46,10,100.0
22.28,57.63,0,75.93
16.63,85.51,2,96.45
17.16,83.87,5,100.0
21.64,51.22,8,91.9
27.86,70.59,9,100.0
28.09,66.65,1,88.9
6.87,83.47,6,91.96
20.0,60.81,3,92.83
16.48,79.54,1,90.46
34.82,95.66,2,100.0
25.26,89.89,5,100.0
21.3,96.07,9,100.0
4.62,98.93,8,100.0
24.23,50.53,7,86.45
4.69,81.14,9,100.0
13.49,70.64,10,100.0
5.71,92.99,8,100.0
27.68,62.59,3,86.08
8.25,99.05,3,92.87
15.67,80.69,8,100.0
35.83,89.68,7,100.0
8.17,54.28,1,60.85
20.31,59.17,7,94.97
16.77,87.92,0,88.38
0.72,51.1,8,65.08
31.71,90.84,8,100.0
2.76,50.7,7,60.3
18.97,82.86,10,100.0
22.43,68.25,4,98.66
25.14,80.57,4,97.48
27.55,84.8,2,100.0
10.13,67.12,4,76.14
0.4,55.4,3,49.93
28.94,53.48,0,81.21
21.43,79.45,8,100.0
33.44,76.03,9,100.0
32.86,87.11,3,100.0
33.73,75.49,2,100.0
19.4,71.12,5,86.6
13.35,69.9,0,69.33
31.66,51.32,4,86.5
18.05,66.78,6,99.21
7.34,98.8,1,88.93
34.2,93.68,9,100.0
35.3,66.47,8,100.0
18.65,79.39,5,96.58
3.03,92.36,1,77.59
15.51,72.06,7,100.0
32.14,50.9,7,96.41
36.07,53.73,0,86.89
8.14,75.52,0,66.27
2.68,98.47,0,80.42
35.09,84.66,3,100.0
15.58,53.55,3,66.61
21.67,59.47,7,89.78
38.72,88.57,0,100.0
2.66,92.07,9,99.63
25.93,80.88,2,97.77
2.96,82.22,10,94.64
15.02,51.42,0,58.77
32.15,91.43,8,100.0
17.34,89.41,9,100.0
39.89,62.95,8,100.0
22.36,85.43,6,100.0
12.85,60.74,7,79.99
8.8,52.02,0,57.6
14.02,60.06,4,73.26
14.9,58.93,1,63.67
2.75,66.89,0,53.08
14.78,70.92,2,80.22
18.57,75.43,6,100.0
28.91,73.84,0,97.11
26.27,63.53,10,100.0
28.35,51.46,1,73.24
0.33,80.26,1,63.02
8.71,69.79,3,74.72
26.47,64.93,2,88.66
19.36,93.35,2,99.16
0.21,87.34,9,98.47
32.18,92.89,4,100.0
30.91,74.75,2,100.0
21.94,56.55,10,99.39
2.66,84.81,6,91.84
30.66,60.3,4,94.24
23.35,72.06,3,98.01
31.28,53.25,2,82.54
30.07,91.27,3,100.0
32.12,56.3,1,88.31
20.72,95.15,0,97.89
5.61,93.21,2,84.36
26.85,73.23,10,100.0
24.82,87.22,1,100.0
29.69,80.97,0,94.06
6.8,90.15,0,76.94
7.8,71.59,1,66.82
35.62,89.29,8,100.0
30.0,73.12,4,100.0
36.33,97.05,8,100.0
30.35,74.32,7,100.0
23.89,73.13,10,100.0
26.17,89.25,5,100.0
35.57,91.08,0,100.0
23.15,77.72,9,100.0
25.3,58.99,4,89.15
6.26,73.39,0,67.37
18.96,98.4,6,100.0
28.66,87.65,9,100.0
10.84,90.56,10,100.0
8.09,51.64,7,69.9
12.55,73.39,7,91.09
9.66,82.33,6,100.0
8.6,91.5,1,95.61
16.99,52.46,4,76.7
36.31,92.62,3,100.0
20.28,77.42,4,87.15
7.52,59.87,9,79.97
3.08,65.86,8,78.04
27.85,64.1,3,92.51
15.31,76.54,7,98.16
32.87,52.58,7,89.77
26.38,57.93,1,82.93
31.85,90.63,5,100.0
10.88,56.63,4,78.37
27.69,61.67,1,81.63
10.56,72.67,9,93.46
37.56,75.86,3,100.0
25.45,88.18,6,100.0
12.98,72.37,0,77.98
10.78,89.49,8,100.0
7.64,80.92,9,100.0
27.79,55.65,0,76.58
8.75,57.82,4,69.49
23.81,71.85,6,97.24
10.59,69.84,7,91.01
26.48,87.18,1,94.62
32.6,79.04,3,100.0
31.12,69.41,1,99.49
30.43,58.54,3,99.15
7.51,61.34,5,67.98
3.54,78.78,5,83.07
27.96,71.17,1,96.31
14.73,75.75,10,100.0
17.29,58.53,3,72.25
1.25,83.15,3,65.05
10.38,92.63,0,88.3
1.35,62.9,1,54.17
35.17,74.58,2,100.0
9.74,98.78,10,100.0
22.29,66.66,4,91.86
1.56,79.75,10,89.08
26.67,54.51,7,86.96
12.92,80.3,5,89.1
35.92,54.48,2,100.0
35.52,97.96,5,100.0
13.01,85.78,6,100.0
36.04,89.41,5,100.0
39.85,85.21,9,100.0
33.02,79.49,5,100.0
33.79,72.5,0,96.1
9.96,92.92,2,95.17
23.07,97.84,6,100.0
2.69,74.95,3,81.89
3.8,96.58,3,94.53
39.96,79.17,6,100.0
13.07,76.92,8,98.29
29.93,72.72,10,100.0
32.27,60.46,1,88.53
34.32,50.19,8,100.0
39.91,62.08,2,100.0
9.66,75.49,5,81.77
1.61,69.0,3,67.15
16.45,72.42,0,79.87
5.2,99.03,8,100.0
0.9,67.51,10,82.83
14.42,72.61,5,100.0
31.35,56.68,7,97.49
22.65,52.4,1,79.39
12.51,88.77,6,100.0
26.17,78.53,5,100.0
9.28,88.04,1,76.62
0.58,57.49,1,45.34
30.57,78.59,3,100.0
24.95,62.68,3,79.7
30.49,61.4,2,83.68
1.56,50.58,7,60.89
33.48,56.52,6,100.0
24.78,65.46,1,93.07
22.54,55.84,2,76.79
24.98,99.29,9,100.0
34.58,65.43,8,100.0
23.48,56.52,4,87.73
23.24,59.95,1,81.06
39.63,79.39,2,100.0
30.27,53.2,7,90.11
17.69,93.12,3,100.0
28.3,98.07,1,100.0
15.57,62.34,1,72.49
9.16,72.5,5,82.38
23.87,51.11,7,96.13
37.13,82.04,6,100.0
37.17,70.7,3,100.0
13.68,63.5,1,70.9
21.11,60.34,8,95.4
8.47,82.7,3,85.82
39.83,70.81,8,100.0
39.24,58.98,4,99.28
25.98,84.46,10,100.0
32.18,78.25,10,100.0
28.6,92.93,6,100.0
23.73,55.87,4,92.04
2.13,89.28,1,75.58
18.19,83.68,5,97.91
26.99,55.75,6,94.36
27.1,84.74,10,100.0
14.92,72.08,5,93.54
37.67,97.25,2,100.0
6.69,57.08,9,89.25
20.01,82.14,7,100.0
27.64,69.1,2,93.68
27.89,97.84,4,100.0
25.95,66.5,8,100.0
11.01,98.11,10,100.0
6.25,95.07,4,93.75
25.44,63.52,6,100.0
23.97,90.18,10,100.0
7.17,99.78,6,100.0
28.21,62.63,4,100.0
18.21,71.84,1,86.93
26.71,76.01,4,100.0
33.49,64.75,6,100.0
6.79,50.76,6,75.26
0.77,61.01,3,67.75
31.16,64.1,0,87.51
24.39,72.18,5,100.0
27.99,58.56,2,89.49
33.53,93.66,10,100.0
32.11,85.25,4,100.0
38.44,54.26,3,92.28
21.44,82.5,1,96.26
19.54,82.68,6,100.0
16.08,97.81,4,100.0
6.15,50.15,6,67.24
22.9,62.4,8,100.0
11.08,96.39,3,100.0
36.85,96.61,4,100.0
23.33,86.03,8,100.0
23.71,88.29,9,100.0
14.2,54.57,10,81.97
2.08,75.69,3,71.14
1.27,61.58,4,66.23
16.93,59.06,4,81.27
3.38,90.52,7,100.0
24.27,56.75,3,82.22
35.24,73.43,3,100.0
35.32,96.93,6,100.0
26.36,59.29,10,100.0
8.45,98.9,4,100.0
34.52,99.71,5,100.0
35.44,77.78,5,100.0
7.87,58.51,5,80.57
29.5,65.81,9,100.0
11.46,71.22,4,86.94
32.11,65.47,4,100.0
39.89,64.03,8,100.0
1.2,98.61,7,100.0
35.89,57.67,3,94.72
24.91,86.67,6,100.0
38.94,50.02,7,100.0
18.6,79.81,8,100.0
33.9,95.8,4,100.0
2.5,64.4,2,58.61
13.41,59.28,3,75.29
2.68,82.58,9,100.0
39.01,85.63,5,100.0
32.68,84.4,9,100.0
34.1,65.97,10,100.0
37.52,62.61,4,100.0
3.4,97.8,8,99.41
15.42,96.16,10,100.0
2.84,72.87,10,99.24
8.43,92.31,2,92.52
9.17,72.62,1,75.14
18.76,71.22,5,89.11
10.74,57.84,6,80.85
4.04,71.32,4,75.28
6.7,76.87,0,61.61
5.89,51.13,2,61.09
38.92,72.21,2,100.0
30.37,89.07,3,100.0
38.71,84.0,9,100.0
17.59,81.76,5,91.44
11.13,95.48,4,100.0
31.93,50.9,0,80.35
13.05,77.85,5,91.97
11.98,89.37,8,100.0
9.3,77.07,10,95.89
5.19,66.19,0,56.2
10.26,56.81,7,74.51
14.21,94.38,7,100.0
26.96,73.54,2,97.52
2.5,93.91,8,100.0
8.42,79.29,10,100.0
32.36,83.71,10,100.0
5.88,90.21,7,100.0
13.71,82.96,2,100.0
34.59,69.9,9,100.0
6.2,75.68,4,76.2
3.31,90.15,2,89.47
19.38,68.68,4,82.97
12.1,69.41,8,92.37
22.54,54.78,3,76.39
32.15,95.73,5,100.0
5.49,54.55,2,54.82
23.23,82.41,2,95.48
20.22,70.66,4,92.86
5.76,70.28,7,84.28
24.96,83.98,7,100.0
10.95,53.35,2,59.97
19.51,79.69,7,100.0
3.29,88.6,10,100.0
18.38,91.41,7,100.0
12.26,58.53,2,71.65
32.9,94.87,9,100.0
2.28,82.81,9,98.84
16.74,94.09,1,100.0
18.34,74.26,9,100.0
29.0,77.1,1,97.12
22.97,95.95,8,100.0
26.69,95.0,6,100.0
31.08,72.41,5,96.15
34.49,63.72,6,100.0
12.56,69.66,7,92.47
21.52,69.39,0,68.25
33.6,64.34,7,100.0
39.58,63.43,2,100.0
35.58,93.05,2,100.0
14.86,53.49,5,74.49
7.81,83.88,3,79.03
19.58,58.64,3,74.05
29.67,67.23,3,93.7
19.7,53.08,9,98.53
19.33,63.5,8,97.25
33.53,88.42,7,100.0
14.46,94.25,2,94.07
34.39,61.08,0,96.11
16.27,73.18,0,85.39
13.13,73.52,0,80.49
18.16,93.68,3,100.0
30.5,88.14,5,100.0
5.04,75.65,3,69.49
7.86,83.54,10,100.0
38.06,92.37,10,100.0
7.02,50.48,2,45.68
22.71,70.14,7,100.0
23.17,95.36,7,100.0
19.58,87.02,5,100.0
25.79,77.14,8,100.0
9.19,76.48,9,100.0
22.11,67.39,0,83.5
14.89,76.03,7,96.61
26.47,82.77,5,100.0
5.65,70.92,0,63.73
22.84,85.71,3,100.0
7.41,93.06,4,92.1
11.15,57.73,6,72.91
8.75,72.58,7,91.95
7.31,70.4,8,90.18
33.03,84.37,5,100.0
11.43,62.49,9,83.52
37.08,82.01,8,100.0
38.8,93.87,3,100.0
22.85,70.91,7,100.0
5.72,95.55,2,87.61
14.98,99.66,3,100.0
31.91,55.3,9,100.0
14.7,61.65,3,72.32
3.48,97.52,5,93.35
22.27,97.92,8,100.0
33.8,54.89,5,100.0
31.84,50.75,0,82.56
7.0,58.06,4,70.77
26.91,99.8,8,100.0
8.82,59.0,4,79.52
8.73,75.13,5,86.91
34.96,92.42,2,100.0
9.99,51.02,7,73.27
10.53,80.22,9,100.0
0.03,63.85,10,89.43
34.83,93.12,3,100.0
31.7,64.17,3,100.0
25.09,84.34,10,100.0
30.01,83.71,4,100.0
6.08,61.07,9,80.24
18.33,51.74,8,87.91
14.05,70.46,7,91.1
3.75,64.46,6,68.53
19.45,90.45,4,100.0
36.83,90.02,8,100.0
1.6,72.85,8,84.89
11.66,80.33,9,100.0
8.3,80.21,9,98.19
9.53,91.36,1,94.77
36.34,71.25,3,100.0
18.72,63.77,7,95.79
18.65,63.25,0,74.21
30.42,76.81,4,100.0
6.18,72.46,7,79.9
19.49,72.01,1,88.35
17.2,54.56,1,71.0
23.88,85.93,7,100.0
39.98,60.69,9,100.0
30.78,59.85,8,100.0
15.91,70.64,6,87.2
33.1,61.39,7,100.0
6.83,79.19,4,89.24
1.22,68.57,0,57.87
8.18,72.45,3,73.95
13.62,76.86,1,76.53
20.42,60.18,2,76.07
24.61,57.79,2,79.53
36.42,94.02,8,100.0
20.39,71.69,9,100.0
20.05,70.6,3,95.25
2.01,51.78,1,51.69
1.4,74.9,2,61.23
22.05,77.71,2,95.3
17.53,77.94,6,96.88
33.57,85.35,7,100.0
6.43,58.87,10,83.09
1.0,62.61,5,64.15
17.96,90.54,3,100.0
9.5,97.36,5,100.0
1.98,56.8,10,73.78
28.98,74.88,0,90.87
4.46,60.71,9,86.14
24.33,53.0,7,84.34
11.24,66.28,0,62.7
6.94,57.18,4,73.31
15.19,85.5,1,90.85
32.06,76.69,5,100.0
15.68,57.19,8,99.23
30.03,50.46,4,89.64
5.02,90.41,3,83.81
30.91,58.81,1,85.73
9.48,80.31,2,75.94
27.1,66.85,5,100.0
22.63,79.27,7,100.0
37.17,65.78,7,100.0
15.49,54.35,4,80.13
2.65,61.15,4,62.02
0.77,59.4,9,70.72
33.07,71.4,2,100.0
20.99,82.91,6,100.0
31.01,63.19,5,100.0
9.38,50.6,0,57.4
13.8,75.95,3,85.48
1.2,80.29,5,81.43
38.46,98.14,10,100.0
26.71,79.47,5,100.0
37.33,73.56,10,100.0
10.62,78.67,2,70.7
24.46,96.4,5,100.0
27.14,91.42,9,100.0
12.7,66.15,5,85.39
33.92,61.86,8,100.0
37.89,63.13,8,100.0
35.39,75.22,1,100.0
29.56,87.2,3,100.0
11.1,75.16,8,96.82
11.26,53.39,3,74.34
38.53,86.18,7,100.0
0.41,90.3,9,100.0
28.64,64.47,2,92.11
28.25,83.21,2,97.29
24.91,71.33,8,100.0
39.6,94.46,10,100.0
12.48,92.26,9,100.0
13.6,76.27,7,90.96
3.16,84.58,0,70.63
17.71,94.17,9,100.0
10.44,74.79,1,77.82
13.74,65.66,2,78.88
33.38,87.68,10,100.0
37.42,61.0,1,93.18
7.43,69.43,2,74.24
14.9,93.29,7,100.0
37.15,86.22,10,100.0
2.47,70.19,10,83.23
3.69,60.74,5,69.78
6.51,67.8,6,81.6
23.81,64.21,9,100.0
6.02,58.8,9,81.29
38.72,87.17,5,100.0
17.87,62.6,0,66.65
20.06,72.71,10,100.0
9.87,69.29,2,75.55
18.84,99.1,0,100.0
26.48,69.55,9,100.0
30.05,54.0,8,100.0
30.15,54.49,8,100.0
23.12,79.54,4,92.33
36.17,79.97,3,100.0
32.7,70.94,8,100.0
30.28,71.59,8,100.0
2.22,52.7,2,54.21
0.28,75.83,4,78.86
8.5,75.24,2,76.47
26.54,57.48,9,100.0
16.45,55.19,1,70.48
16.1,56.18,0,66.95
35.38,55.05,9,100.0
35.82,80.49,1,100.0
36.37,59.82,7,100.0
12.56,62.57,10,95.19
27.64,58.68,7,95.27
10.87,97.89,2,93.4
7.62,92.73,6,99.92
7.39,61.52,6,71.36
13.68,66.38,1,70.0
17.2,60.49,8,92.21
33.24,74.59,2,100.0
4.8,50.98,1,54.29
29.4,83.57,2,100.0
21.26,76.16,1,96.11
11.52,94.93,7,100.0
19.71,58.22,4,84.75
12.0,90.21,2,93.33
23.84,89.6,4,100.0
17.35,56.36,10,100.0
6.58,69.93,10,99.95
4.66,58.51,7,80.08
21.87,62.74,6,94.64
36.1,63.16,5,100.0
13.76,77.81,0,85.48
29.32,70.57,9,100.0
26.35,97.39,0,100.0
37.26,56.32,0,89.85
32.84,98.68,9,100.0
22.66,61.53,7,100.0
26.28,88.64,7,100.0
35.94,66.95,6,100.0
15.98,57.15,5,81.13
13.07,92.89,3,94.41
0.43,65.44,0,45.42
33.06,82.94,8,100.0
32.04,78.32,0,100.0
4.18,73.59,3,79.69
23.07,74.79,2,93.72
18.56,86.61,6,100.0
4.75,54.39,4,67.12
39.22,83.41,4,100.0
8.59,94.79,3,97.74
2.69,52.89,0,45.48
23.79,57.03,4,89.01
29.55,85.83,3,100.0
1.3,71.86,9,81.96
26.35,70.18,7,100.0
21.29,56.85,1,82.27
4.13,75.34,7,90.53
6.9,56.33,0,50.8
22.72,73.83,3,88.62
11.85,88.18,2,82.36
37.53,62.91,4,100.0
32.75,74.04,4,100.0
39.34,99.6,4,100.0
10.39,84.33,3,95.54
38.79,92.07,7,100.0
17.25,70.74,2,90.75
13.9,88.39,3,95.13
2.01,52.03,0,38.29
2.11,56.15,6,64.21
27.68,60.15,0,77.73
18.32,70.1,1,83.26
9.06,92.29,10,100.0
24.56,67.31,6,91.76
10.11,82.73,0,77.22
23.11,85.47,10,100.0
14.37,79.31,2,87.71
32.94,67.86,5,100.0
32.83,78.85,5,100.0
19.09,67.11,5,92.52
14.03,54.19,10,89.13
14.5,99.64,1,100.0
32.23,56.36,1,90.16
13.13,53.62,5,67.86
8.36,93.93,9,100.0
3.39,65.09,4,51.49
18.67,82.51,6,100.0
19.29,66.45,6,92.8
33.64,69.57,4,100.0
8.85,63.11,7,83.68
15.24,67.15,9,100.0
32.34,70.54,5,100.0
32.94,86.02,4,100.0
15.38,75.58,3,88.75
18.36,97.18,6,100.0
12.13,52.09,3,61.93
37.3,75.15,4,100.0
4.75,79.21,4,81.37
37.35,96.01,0,100.0
27.35,52.46,0,65.81
21.26,78.67,2,95.27
1.31,92.68,10,100.0
19.02,62.1,2,70.42
16.31,93.81,1,99.87
6.45,50.95,1,58.15
26.26,86.62,5,100.0
38.85,96.66,0,100.0
22.49,82.86,5,100.0
28.59,71.95,4,93.2
2.74,52.24,5,70.58
16.71,96.01,4,100.0
4.65,73.51,6,77.73
24.51,51.45,0,69.3
37.54,84.49,2,100.0
26.47,74.09,5,100.0
3.07,56.22,0,49.29
14.19,60.71,10,100.0
22.03,53.22,10,99.23
16.13,78.71,6,95.14
33.35,81.1,3,100.0
32.59,75.29,2,100.0
24.47,90.86,9,100.0
14.94,93.05,8,100.0
10.21,80.78,0,79.95
4.23,50.64,7,75.74
14.2,84.76,0,96.01
16.53,70.9,4,87.68
27.03,78.28,9,100.0
26.33,82.45,7,100.0
2.8,67.51,5,83.6
15.81,95.85,6,100.0
7.27,56.7,10,89.76
6.27,83.58,7,91.68
33.09,50.22,5,100.0
1.68,96.23,10,100.0
16.77,55.63,5,73.66
6.73,54.74,10,80.83
35.17,66.65,5,100.0
22.28,68.68,4,96.66
9.26,60.72,7,80.42
20.1,79.26,1,93.66
29.26,72.15,6,100.0
38.32,51.71,3,93.03
8.82,65.98,0,60.45
35.45,90.52,4,100.0
37.37,84.49,2,100.0
36.66,86.24,3,100.0
25.42,84.91,6,100.0
25.19,65.55,4,95.15
16.13,54.98,3,81.57
30.1,63.62,0,92.16
21.25,91.59,5,100.0
27.1,99.02,10,100.0
17.14,74.69,9,100.0
29.26,50.49,5,96.73
32.98,57.0,6,97.4
5.86,66.1,0,47.92
33.32,78.93,3,100.0
21.61,53.75,8,76.69
33.79,97.17,9,100.0
17.25,68.25,5,91.38
15.16,95.63,1,93.07
36.6,89.03,3,100.0
10.05,87.77,5,98.22
33.77,80.34,3,100.0
19.36,81.34,9,100.0
20.56,81.9,6,100.0
12.34,81.44,2,81.56
22.92,77.69,5,100.0
13.01,99.32,3,100.0
1.57,86.61,2,77.68
10.88,88.85,2,100.0
0.26,93.62,1,76.02
39.13,60.78,10,100.0
38.63,54.19,2,97.8
15.81,74.14,9,100.0
29.13,75.7,0,98.0
13.83,91.46,2,91.6
26.84,72.19,8,100.0
32.22,78.54,3,100.0
37.87,76.35,2,100.0
16.01,51.91,7,77.74
31.33,80.76,0,100.0
10.64,91.4,4,92.63
39.61,57.88,0,90.37
1.03,79.72,6,85.89
24.14,79.68,4,100.0
26.38,58.21,1,87.33
27.52,56.17,0,74.23
4.82,99.0,10,100.0
37.54,69.69,6,100.0
7.25,61.37,0,54.77
24.91,58.57,2,88.76
8.91,83.38,10,100.0
12.29,80.47,5,95.52
21.86,82.18,5,100.0
16.69,54.4,6,76.19
6.41,94.68,10,100.0
6.84,69.46,10,96.58
16.73,65.67,0,62.67
30.29,73.12,6,100.0
35.92,69.5,1,97.84
3.37,93.18,5,99.07
15.72,96.46,7,100.0
4.01,65.17,4,67.17
0.66,93.2,9,100.0
26.47,89.08,2,100.0
24.1,96.54,10,100.0
6.52,62.29,7,71.06
9.35,78.85,7,100.0
0.95,63.73,3,63.75
33.4,91.2,7,100.0
38.99,50.27,4,100.0
5.42,78.24,10,99.04
9.26,66.96,4,70.26
34.74,66.13,2,97.77
37.06,82.25,6,100.0
16.79,92.57,10,100.0
2.02,80.46,10,93.7
1.58,92.66,8,85.93
22.96,63.23,8,100.0
15.72,75.98,0,78.2
1.15,72.53,0,58.15
23.33,50.58,9,98.1
0.45,77.84,10,97.2
31.49,83.08,4,100.0
12.26,79.6,0,80.61
1.61,86.81,3,71.38
23.53,78.57,0,89.39
15.91,53.34,1,76.28
38.95,55.82,1,96.27
21.77,79.82,3,100.0
11.01,63.75,7,87.01
28.38,53.98,1,82.32
10.86,71.48,8,82.3
36.17,77.72,8,100.0
14.99,66.44,1,73.95
21.99,86.02,0,100.0
2.02,82.19,9,95.42
17.04,66.64,9,92.53
33.29,87.74,8,100.0
32.23,82.43,1,100.0
8.97,81.87,7,91.18
9.04,77.67,2,74.82
32.69,50.57,0,82.4
37.22,84.83,10,100.0
3.81,68.8,0,62.03
18.0,97.13,9,100.0
13.5,90.9,1,94.28
34.83,79.38,6,100.0
3.34,62.61,5,72.58
8.45,60.19,10,76.19
30.1,67.02,1,93.29
2.05,73.83,3,65.3
19.7,64.8,1,84.3
17.68,75.75,0,81.08
13.38,58.27,2,68.82
15.78,98.89,3,99.52
21.2,55.4,9,100.0
6.45,96.6,4,100.0
22.88,95.68,4,100.0
32.22,76.27,6,100.0
30.41,86.25,9,100.0
6.16,71.8,7,86.95
5.97,81.5,8,92.89
10.73,67.03,6,86.67
14.44,65.06,4,70.57
16.34,78.91,8,100.0
27.19,74.91,7,100.0
2.27,78.98,9,95.1
1.39,64.33,8,77.96
15.68,68.35,9,100.0
27.89,54.19,7,86.14
7.74,52.61,5,62.3
25.66,62.67,3,87.92
10.39,53.71,8,83.73
35.44,55.19,8,100.0
35.83,90.65,9,100.0
11.89,51.94,9,87.81
9.2,82.95,8,99.38
16.45,63.63,9,100.0
9.62,93.58,2,87.24
26.9,74.25,10,100.0
33.04,65.28,2,95.42
26.92,75.88,10,100.0
32.97,69.1,5,100.0
15.88,78.22,5,96.42
6.25,55.73,5,69.62
29.52,99.85,4,100.0
14.42,71.28,4,90.76
26.85,67.41,1,90.21
10.83,85.51,6,97.31
3.25,68.19,3,65.71
39.7,91.66,2,100.0
6.25,72.71,7,87.92
39.54,85.98,3,100.0
39.09,55.37,10,100.0
31.75,92.31,3,100.0
26.38,86.79,7,100.0
23.11,60.59,0,77.11
34.64,57.26,8,100.0
11.58,65.81,6,84.55
18.71,98.8,1,95.8
24.78,62.84,10,100.0
16.45,72.81,5,91.98
17.1,51.5,7,86.43
13.21,69.86,10,91.39
22.57,78.57,4,100.0
34.02,97.66,5,100.0
8.06,75.84,9,94.04
37.38,90.96,7,100.0
27.56,77.36,5,100.0
32.93,52.04,8,100.0
22.25,65.75,8,100.0
31.18,78.78,8,100.0
0.65,97.53,5,97.22
32.74,92.96,8,100.0
1.61,61.42,2,52.55
35.6,61.01,4,100.0
39.68,60.06,1,100.0
11.76,96.12,7,100.0
8.41,92.63,10,100.0
30.61,88.74,3,100.0
10.12,69.64,5,84.47
34.62,75.22,5,100.0
4.11,73.22,4,81.3
5.04,62.67,0,60.31
39.17,75.25,10,100.0
26.95,51.52,6,98.35
33.88,56.59,9,100.0
12.97,94.33,7,100.0
27.06,87.58,0,100.0
23.77,71.14,9,100.0
24.13,75.86,6,100.0
27.3,68.5,3,99.73
23.01,87.04,5,100.0
17.16,89.21,8,100.0
11.04,88.16,4,98.16
30.74,86.13,7,100.0
9.05,60.23,4,70.43
27.69,66.9,1,91.08
9.33,73.49,3,76.81
25.01,66.54,1,87.82
29.88,87.75,6,100.0
8.75,66.47,6,81.52
2.4,56.91,2,55.53
5.24,69.95,6,87.17
24.24,99.0,0,100.0
33.98,61.29,0,90.81
1.8,80.61,8,85.86
29.37,71.65,5,100.0
13.65,53.55,4,72.88
19.14,74.39,5,100.0
37.15,85.11,5,100.0
13.28,75.66,0,67.38
18.61,93.61,4,100.0
0.55,64.45,8,79.89
3.26,54.31,3,53.52
10.34,96.83,2,98.06
1.11,68.91,0,57.04
25.26,78.82,1,95.53
17.06,89.6,2,97.67
21.93,66.22,3,83.96
6.99,85.81,6,94.95
11.84,56.77,5,71.7
26.55,64.56,10,100.0
38.61,57.24,7,100.0
2.02,90.56,8,97.74
35.62,61.13,5,100.0
23.08,85.87,6,100.0
22.56,97.16,3,100.0
20.01,76.39,1,95.81
2.78,77.0,8,93.21
3.6,73.05,8,89.43
24.04,66.29,3,92.51
13.64,73.78,2,85.72
36.69,80.14,9,100.0
16.26,99.3,10,100.0
5.73,96.89,5,100.0
28.59,93.11,2,100.0
11.73,94.46,0,94.13
21.02,73.39,3,93.39
27.91,82.87,0,99.26
36.01,94.75,1,100.0
31.69,69.65,2,100.0
27.05,98.09,7,100.0
27.19,70.79,9,100.0
37.84,80.05,3,100.0
11.83,85.49,3,94.59
0.04,97.53,9,100.0
10.88,62.23,8,86.09
8.72,87.31,6,92.73
26.47,76.04,1,100.0
25.35,63.43,2,84.51
23.74,88.83,3,100.0
0.65,77.61,3,62.89
29.15,83.05,9,100.0
12.94,66.15,7,81.34
26.6,74.06,9,100.0
22.26,80.87,9,100.0
13.71,70.25,5,91.26
5.38,59.92,2,57.14
3.78,98.08,10,100.0
33.26,75.57,8,100.0
36.74,86.7,9,100.0
25.99,70.55,7,100.0
4.14,67.76,8,80.66
16.08,70.36,4,86.36
29.16,70.46,2,90.03
31.19,77.21,3,100.0
4.73,77.17,4,81.96
0.0,74.86,8,87.85
28.49,56.74,8,100.0
14.26,74.8,2,78.83
10.18,58.46,6,75.19
0.52,56.31,5,51.19
21.61,96.63,3,100.0
34.05,80.25,4,100.0
38.31,82.97,9,100.0
22.63,70.09,1,80.04
20.58,95.45,10,100.0
3.4,81.9,6,96.89
21.95,88.46,3,100.0
15.2,68.43,1,70.93
24.29,98.0,10,100.0
15.55,91.02,5,95.34
9.61,92.7,10,100.0
3.8,58.61,1,58.55
12.6,63.55,9,92.78
3.87,64.28,1,57.64
7.08,63.55,6,79.97
39.49,92.77,0,100.0
17.76,51.59,6,72.29
21.27,53.8,9,96.02
34.94,63.7,4,100.0
39.82,59.99,0,89.11
23.31,61.59,5,91.82
32.5,89.9,6,100.0
13.08,78.16,0,83.74
12.23,50.29,8,76.34
16.11,71.47,6,95.53
26.9,70.39,0,88.59
27.29,55.7,2,79.56
12.61,83.81,4,93.81
5.33,85.1,3,82.08
25.3,86.04,1,100.0
5.13,86.42,0,71.56
23.14,50.0,3,70.39
27.74,97.7,6,100.0
28.02,90.71,10,100.0
30.14,95.2,3,100.0
34.91,50.78,8,100.0
20.0,96.69,7,100.0
29.21,90.49,7,100.0
24.77,91.86,4,100.0
7.47,54.66,0,52.67
1.03,86.94,8,98.29
11.38,98.0,1,91.28
17.72,83.93,5,100.0
24.68,78.53,9,100.0
34.0,97.28,4,100.0
7.85,72.15,9,91.63
5.02,79.96,7,87.81
38.54,73.82,10,100.0
4.32,96.64,2,91.64
19.14,53.8,5,80.38
23.42,75.06,5,100.0
21.65,84.35,9,100.0
3.44,89.6,2,82.3
2.28,79.15,6,83.06
4.22,95.45,10,100.0
23.42,97.1,3,100.0
21.77,53.22,4,82.26
9.35,70.12,8,94.54
25.51,51.17,5,88.74
32.8,66.47,9,100.0
1.66,76.84,3,78.94
19.93,95.54,7,100.0
27.57,92.33,8,100.0
10.09,56.37,9,82.54
12.31,54.65,4,65.69
24.55,79.46,1,97.85
35.92,76.61,5,100.0
32.4,63.32,10,100.0
23.33,94.97,7,100.0
29.21,96.37,4,100.0
14.59,70.13,0,66.46
25.64,94.52,7,100.0
18.65,69.2,8,93.46
7.6,86.84,0,78.64
28.07,73.8,7,100.0
22.26,56.13,9,100.0
14.34,96.4,1,100.0
36.45,72.7,3,100.0
0.84,86.72,1,80.14
12.63,68.36,1,77.41
2.28,50.94,9,71.55
30.66,55.03,2,88.02
28.08,74.81,7,100.0
13.25,84.5,3,87.96
27.03,66.74,6,100.0
15.84,84.77,9,100.0
30.25,84.93,2,100.0
18.17,85.2,9,100.0
16.49,74.63,10,100.0
37.39,95.74,2,100.0
10.04,74.46,1,74.93
4.82,72.51,5,83.53
23.38,59.97,5,87.3
38.77,65.38,0,94.6
15.11,52.12,6,84.01
2.48,81.68,3,75.01
13.57,62.43,10,89.91
20.24,65.21,2,80.03
6.48,88.54,7,97.95
26.32,66.36,1,95.45
39.91,62.11,8,100.0
18.07,58.45,7,95.18
14.19,88.74,7,100.0
16.03,56.49,2,75.15
4.61,72.69,3,69.24
35.33,75.35,1,100.0
16.59,84.37,1,85.46
15.49,81.66,3,91.87
26.39,90.54,5,100.0
17.68,52.24,4,75.68
25.93,64.82,0,89.53
2.46,64.01,9,75.45
32.55,57.3,0,87.4
37.62,64.46,5,100.0
25.95,65.49,2,90.0
38.18,76.09,2,100.0
6.06,83.19,6,90.74
19.1,69.06,0,80.92
24.07,85.97,0,92.87
23.27,66.81,9,100.0
16.06,64.51,2,79.67
13.52,77.06,7,100.0
5.07,51.19,0,42.06
15.67,53.99,9,95.11
6.51,70.9,3,73.74
29.37,97.15,8,100.0
8.35,86.08,3,82.23
2.34,54.41,9,73.42
22.09,92.32,7,100.0
23.81,86.62,6,100.0
34.88,80.55,2,100.0
23.08,91.01,6,100.0
13.82,70.21,6,91.72
32.12,61.08,9,100.0
21.61,75.6,2,89.91
3.17,77.44,1,69.77
22.63,76.92,8,100.0
36.32,78.25,0,100.0
15.85,97.44,6,100.0
11.85,95.11,3,100.0
5.74,93.79,1,80.12
6.06,90.07,1,81.2
17.31,97.17,7,100.0
23.83,54.92,6,84.35
3.22,63.26,6,70.38
37.58,74.75,4,100.0
30.21,92.33,9,100.0
23.46,75.26,7,100.0
33.14,87.4,1,100.0
3.21,56.95,1,52.6
19.07,62.62,4,87.81
25.2,86.59,0,97.07
33.15,58.24,5,100.0
31.34,67.57,3,100.0
11.08,63.24,5,82.22
37.64,67.49,6,100.0
4.97,85.42,2,78.46
35.01,68.39,10,100.0
38.84,77.76,7,100.0
7.09,55.0,6,73.12
28.88,90.25,0,100.0
1.61,68.49,5,79.81
16.22,82.43,6,100.0
20.65,86.27,10,100.0
23.23,60.48,3,76.77
37.44,94.23,1,100.0
26.89,80.81,9,100.0
19.25,71.44,8,100.0
32.39,59.12,6,100.0
38.02,97.12,0,100.0
0.88,87.75,7,92.44
39.3,60.4,2,100.0
3.45,66.89,3,54.57
32.58,90.48,4,100.0
11.21,84.78,0,70.14
5.29,88.29,5,95.64
17.59,72.06,9,100.0
25.76,85.82,5,100.0
15.24,69.32,1,72.67
2.18,60.56,10,78.22
23.98,81.63,9,100.0
36.1,98.8,5,100.0
15.33,65.53,7,93.54
8.65,73.05,5,89.73
17.7,83.7,3,96.72
1.93,77.08,3,76.75
32.82,92.17,8,100.0
33.05,88.09,5,100.0
23.52,52.91,7,98.92
14.12,99.92,7,100.0
31.99,87.62,6,100.0
22.19,93.2,2,99.6
33.04,82.56,9,100.0
25.26,92.81,0,100.0
31.38,55.62,4,93.08
23.94,67.39,9,100.0
16.57,93.82,9,100.0
38.32,60.08,1,95.4
21.64,53.91,9,100.0
24.2,89.41,1,100.0
8.82,91.77,6,100.0
25.03,58.13,10,100.0
22.86,92.72,2,100.0
7.39,84.34,7,94.2
2.38,76.0,8,85.91
24.17,91.51,7,100.0
30.55,70.96,5,100.0
20.94,59.7,4,95.38
9.07,64.24,2,63.13
26.66,75.26,2,98.93
3.2,76.57,6,86.06
17.67,90.28,4,100.0
6.53,89.57,5,94.2
7.38,79.07,5,85.91
8.09,89.04,8,100.0
15.47,59.59,0,67.57
2.05,52.5,7,64.16
15.91,93.68,9,100.0
20.47,53.78,4,77.24
19.33,62.33,5,82.33
15.31,84.77,5,97.85
33.57,70.47,0,96.82
5.81,93.82,2,89.82
20.23,64.9,5,100.0
2.48,50.59,10,70.77
2.85,65.03,10,89.31
22.95,78.9,8,100.0
22.64,68.8,5,100.0
35.12,76.74,5,100.0
22.31,93.83,0,96.8
38.39,95.62,8,100.0
1.95,63.3,3,63.53
3.92,73.11,1,63.55
1.76,77.46,0,59.18
7.41,97.46,2,86.52
21.65,99.93,2,100.0
25.82,61.77,4,99.94
1.82,86.35,0,69.22
37.84,68.9,6,100.0
33.69,50.41,0,80.24
11.86,50.46,3,57.16
3.09,73.03,5,80.8
6.8,74.42,0,62.21
5.08,51.13,6,65.1
4.93,84.35,9,98.69
20.74,64.7,6,99.12
9.83,77.99,2,74.91
14.33,65.05,3,80.18
39.58,58.36,5,100.0
27.37,70.36,10,100.0
37.96,61.61,6,94.67
5.7,76.74,3,87.7
15.29,59.94,9,96.05
22.19,75.42,10,100.0
3.07,57.87,8,68.36
0.17,83.55,8,88.56
26.82,87.7,8,100.0
25.67,55.52,9,92.76
16.43,73.39,5,92.72
19.59,53.54,1,78.19
16.62,79.91,1,81.2
0.96,63.22,10,82.13
13.41,76.38,3,97.22
7.08,75.87,8,96.36
3.94,96.22,2,88.33
38.27,77.45,5,100.0
23.97,79.15,1,93.08
29.15,70.08,0,97.54
12.61,97.45,4,100.0
15.73,88.86,7,100.0
9.48,64.27,9,87.83
3.88,92.21,9,100.0
7.16,71.62,1,67.48
31.9,91.43,9,100.0
27.1,91.14,8,100.0
21.88,59.44,7,98.28
19.0,85.06,2,98.17
36.9,64.53,0,95.89
2.91,64.87,3,59.1
11.22,64.82,7,75.42
14.0,86.28,2,92.39
31.3,61.49,9,100.0
39.7,50.05,1,90.14
9.63,85.76,6,95.49
34.97,58.56,3,100.0
33.22,55.22,5,98.63
8.99,61.88,4,80.71
15.97,69.0,1,83.53
16.39,73.8,9,100.0
39.13,52.23,1,95.53
7.24,98.53,8,100.0
31.97,85.8,10,100.0
13.37,66.16,9,97.85
29.23,65.93,1,93.86
16.8,72.43,7,100.0
23.13,81.31,7,100.0
33.3,57.32,0,99.32
32.17,59.45,0,85.78
34.66,92.97,3,100.0
2.38,62.81,1,53.76
27.68,69.01,0,92.38
5.6,93.56,8,100.0
16.63,83.16,2,94.31
21.94,67.09,0,88.35
16.11,84.18,1,85.26
20.78,50.98,7,84.29
39.86,86.78,4,100.0
5.41,74.35,10,100.0
27.02,90.66,6,100.0
15.84,97.73,5,100.0
5.32,96.29,0,80.11
6.35,95.46,5,93.29
37.97,75.61,10,100.0
35.18,68.01,6,100.0
36.28,73.25,3,100.0
39.66,84.49,7,100.0
8.33,94.2,7,100.0
14.22,60.35,6,82.97
26.77,95.91,10,100.0
19.35,90.76,1,97.3
16.74,98.94,5,100.0
14.31,94.01,5,100.0
23.75,64.0,6,100.0
23.02,55.3,5,87.84
6.46,55.61,1,66.52
18.87,64.56,7,96.1
22.14,80.71,3,97.38
22.81,90.22,8,100.0
8.4,94.96,7,100.0
29.69,81.19,2,100.0
1.01,50.28,2,50.4
14.19,59.32,7,88.6
31.21,54.99,1,87.12
22.56,68.17,8,100.0
10.45,75.07,3,83.43
27.8,52.17,5,83.47
22.7,67.42,2,86.3
31.85,58.96,2,87.76
29.4,82.35,2,100.0
24.4,73.21,10,100.0
19.53,74.77,9,100.0
5.33,71.38,1,67.94
10.45,97.8,7,100.0
16.76,60.74,8,91.4
23.97,75.83,7,100.0
20.55,86.8,9,100.0
11.53,77.84,2,76.37
0.26,96.45,6,87.82
19.85,68.9,10,100.0
11.43,73.18,9,100.0
29.38,54.43,1,87.88
0.96,80.45,3,69.89
23.39,64.41,5,96.14
37.66,58.02,10,100.0
6.98,77.23,4,84.23
18.87,76.62,8,100.0
3.66,53.79,9,79.42
25.03,84.91,3,100.0
22.02,81.19,4,100.0
16.29,59.45,3,76.29
20.86,73.47,7,100.0
35.86,86.02,7,100.0
7.85,76.47,2,78.64
0.9,69.77,0,42.22
34.47,66.12,5,100.0
23.08,80.52,1,84.18
35.63,96.96,1,100.0
23.88,83.59,2,100.0
32.41,53.74,7,100.0
17.19,73.03,2,80.26
29.99,94.54,6,100.0
36.52,54.72,9,100.0
22.88,99.44,9,100.0
7.23,97.45,8,100.0
10.75,53.91,7,77.03
7.95,96.67,0,95.83
9.87,68.16,6,92.87
12.26,92.24,6,100.0
22.21,70.92,7,100.0
23.52,72.04,9,100.0
17.06,81.71,4,95.58
24.62,88.72,9,100.0
3.26,51.69,8,58.55
3.51,79.66,8,92.45
6.87,59.34,7,73.57
20.72,67.3,5,94.19
8.56,67.4,5,67.69
11.33,73.45,0,73.21
16.01,66.71,5,75.42
32.47,55.37,3,97.7
0.55,57.28,3,58.1
25.98,51.67,1,74.11
26.76,73.51,10,100.0
31.95,97.72,3,100.0
37.31,55.78,4,100.0
0.81,97.31,4,94.79
6.15,86.67,4,73.24
35.45,81.87,3,100.0
18.34,82.26,0,87.71
22.58,91.34,9,100.0
26.52,55.35,7,100.0
27.16,75.24,2,93.17
37.27,84.85,1,100.0
39.88,79.34,8,100.0
28.81,91.64,6,100.0
11.49,53.61,8,79.45
35.19,84.54,1,100.0
1.97,76.7,8,87.46
9.24,68.96,9,96.44
35.9,67.01,8,100.0
10.25,81.04,10,100.0
8.83,94.55,8,100.0
5.53,74.81,9,91.15
34.36,91.24,9,100.0
20.0,70.11,3,87.13
27.0,55.12,9,95.98
9.56,53.08,2,60.13
30.32,52.57,5,97.36
30.4,69.01,2,94.62
12.5,66.86,10,94.46
16.43,85.9,8,100.0
8.39,87.14,2,78.65
39.06,52.54,1,81.57
25.82,61.06,7,95.07
37.38,63.71,5,100.0
12.14,77.38,7,99.4
31.28,57.23,6,99.51
30.63,56.7,2,87.02
27.67,97.19,7,100.0
38.63,90.21,9,100.0
15.74,59.03,0,69.99
5.23,70.33,0,70.09
26.87,67.78,9,100.0
29.17,89.55,7,100.0
23.0,75.51,8,100.0
8.27,56.39,9,86.66
20.18,86.95,5,100.0
12.49,69.84,4,74.63
17.1,63.15,1,72.08
25.81,68.77,10,100.0
29.81,74.89,8,100.0
9.29,67.16,5,78.77
16.21,62.1,7,93.73
10.77,69.93,8,90.82
7.95,50.96,8,70.18
31.34,88.62,7,100.0
36.37,58.55,9,100.0
14.81,52.2,7,75.86
30.05,82.68,2,100.0
35.88,88.7,2,100.0
33.84,90.69,1,100.0
7.31,74.68,0,73.35
38.25,60.27,3,95.88
15.07,86.86,1,87.86
13.57,84.99,1,96.34
2.5,62.31,10,78.15
19.45,95.17,10,100.0
4.36,55.22,4,55.33
9.94,99.13,3,93.5
12.68,93.01,0,97.36
32.35,84.39,8,100.0
35.02,96.94,3,100.0
12.1,86.12,4,86.93
34.35,59.52,6,100.0
34.29,72.11,1,100.0
30.59,53.58,7,100.0
5.87,69.48,10,95.97
27.61,87.08,1,100.0
37.8,69.32,10,100.0
27.3,66.51,9,100.0
13.26,79.77,4,82.76
20.02,93.61,1,96.31
25.83,52.38,1,80.34
20.42,69.27,3,93.31
4.8,57.91,3,53.34
12.48,84.77,7,100.0
32.1,55.29,5,98.22
34.46,83.24,9,100.0
5.49,64.31,7,75.87
38.1,59.95,6,100.0
13.15,96.82,9,100.0
26.49,50.93,3,79.78
30.07,71.89,1,96.69
32.48,51.08,8,100.0
37.83,74.18,1,100.0
12.52,75.05,0,74.46
34.34,66.08,7,100.0
5.27,56.61,9,75.03
28.2,68.82,8,100.0
29.68,83.61,0,100.0
27.11,89.12,6,100.0
10.09,76.54,1,85.58
34.92,79.49,5,100.0
6.75,60.03,10,88.46
2.15,64.37,4,65.58
28.7,58.09,0,81.01
19.02,62.46,1,75.05
33.96,61.24,1,97.84
15.34,75.97,9,100.0
6.73,78.13,9,100.0
33.46,97.25,5,100.0
21.96,59.78,10,100.0
7.57,82.08,0,70.73
28.82,90.86,10,100.0
20.44,78.01,3,91.77
24.17,62.75,9,100.0
18.44,63.13,10,100.0
33.15,51.96,4,91.58
33.18,65.27,1,98.65
28.38,87.23,1,100.0
4.22,52.38,6,71.93
33.55,60.96,6,100.0
26.84,85.31,5,100.0
27.88,89.13,0,100.0
14.52,72.77,2,83.74
35.17,84.9,8,100.0
29.01,69.4,9,100.0
4.5,58.0,0,57.74
16.31,69.91,1,75.23
35.46,79.0,7,100.0
1.89,97.4,6,94.34
38.46,53.44,8,100.0
27.17,75.37,9,100.0
25.26,66.45,3,89.15
10.82,75.42,3,81.91
9.95,51.2,6,79.97
37.68,65.65,0,98.24
11.93,90.99,9,100.0
31.02,77.7,8,100.0
15.72,72.53,1,77.96
5.57,64.28,0,65.8
0.43,64.9,6,72.62
21.77,69.16,5,93.23
39.03,91.78,2,100.0
14.77,98.36,0,94.94
14.29,71.93,4,76.75
13.76,69.67,9,100.0
20.82,92.33,3,100.0
17.63,71.35,4,99.42
35.2,77.6,0,100.0
20.22,61.55,0,72.26
20.31,87.18,4,100.0
5.53,76.6,5,87.17
39.31,90.45,4,100.0
10.0,89.04,1,86.0
2.93,60.75,8,75.29
26.53,85.78,4,100.0
23.81,90.0,10,100.0
16.61,67.31,10,96.03
16.89,58.63,4,83.05
31.4,50.13,9,100.0
7.83,72.55,8,94.36
32.81,67.62,2,100.0
25.95,77.75,4,100.0
16.76,59.4,4,83.99
18.32,92.98,1,96.34
10.27,62.89,10,89.68
30.08,61.32,3,89.76
20.51,74.04,10,100.0
12.83,74.94,10,100.0
23.84,60.75,1,85.63
39.83,63.59,4,100.0
17.41,58.49,9,90.29
36.83,85.92,1,100.0
13.8,88.5,9,100.0
2.19,73.12,8,89.54
8.17,85.7,9,100.0
16.75,86.8,5,96.11
8.79,56.91,7,75.48
0.01,98.31,8,100.0
36.6,91.05,7,100.0
33.76,60.22,4,98.26
29.69,59.31,4,97.22
6.71,56.28,5,66.69
4.81,56.92,0,43.59
2.7,87.41,10,100.0
28.96,73.48,7,100.0
37.15,89.15,1,100.0
17.22,87.31,5,100.0
4.77,80.23,8,95.21
20.5,84.32,2,97.23
13.95,50.92,1,51.04
14.99,65.59,9,92.11
24.85,81.89,4,100.0
28.75,50.47,10,100.0
4.42,51.65,8,72.46
1.42,92.59,5,96.3
39.77,84.2,7,100.0
9.31,63.27,7,82.35
2.15,84.4,6,93.56
7.6,89.62,4,100.0
1.56,65.34,1,63.65
15.67,51.8,9,81.92
32.1,96.64,9,100.0
13.65,67.26,4,83.57
17.77,55.32,6,82.28
27.02,74.59,6,100.0
20.36,88.42,10,100.0
34.46,61.08,1,98.23
34.64,63.47,6,100.0
0.4,62.14,5,63.54
31.12,99.58,6,100.0
18.43,59.87,10,100.0
39.55,78.78,7,100.0
19.33,96.26,3,100.0
39.48,57.34,0,96.68
30.18,98.54,7,100.0
9.94,97.37,7,100.0
21.54,94.23,2,100.0
39.69,60.73,2,97.59
34.3,81.7,4,100.0
3.89,88.04,2,75.55
28.25,99.3,4,100.0
13.82,59.02,7,90.29
0.28,88.3,0,70.46
16.14,66.94,1,73.32
9.39,58.78,1,56.84
32.75,71.07,3,100.0
13.49,89.69,8,100.0
33.1,73.24,1,100.0
0.02,76.88,10,94.56
12.31,99.76,8,100.0
9.65,69.96,6,83.78
9.34,80.77,9,100.0
2.73,68.26,7,84.49
7.48,69.64,0,57.01
22.22,84.78,4,100.0
11.65,96.89,8,100.0
16.7,77.12,3,86.92
15.07,88.42,1,80.28
35.04,54.46,5,100.0
36.21,60.56,1,90.96
19.72,75.11,2,85.83
13.21,51.0,7,75.87
4.27,62.64,2,60.57
38.14,75.87,1,100.0
2.41,50.75,5,54.07
11.91,63.23,2,69.77
11.92,75.7,0,66.08
12.82,78.66,2,85.86
6.57,96.29,5,85.63
31.33,82.27,2,100.0
4.9,70.74,8,91.07
25.4,96.52,6,100.0
4.95,89.24,4,92.92
2.82,60.0,1,60.16
36.38,56.54,8,96.35
7.61,83.79,4,87.4
32.85,77.99,6,100.0
21.79,89.48,8,100.0
3.11,86.94,3,82.25
38.22,81.26,8,100.0
9.88,99.32,0,100.0
34.39,76.68,5,100.0
6.75,55.66,1,51.38
34.16,91.41,7,100.0
0.53,62.59,4,53.73
20.47,88.87,2,95.51
30.78,97.86,1,100.0
37.39,84.84,7,100.0
36.37,79.8,6,100.0
32.78,73.02,8,100.0
35.53,68.22,7,100.0
7.97,67.65,10,96.55
11.37,81.82,3,88.49
11.56,87.56,1,88.28
15.08,83.93,1,88.78
15.73,59.92,1,66.77
21.78,74.7,10,100.0
6.4,89.58,5,95.71
27.65,73.79,6,100.0
6.7,76.83,5,77.12
12.41,88.56,1,82.02
20.13,83.06,3,100.0
31.86,70.47,2,99.07
29.58,94.77,10,100.0
25.82,58.13,3,81.03
6.23,99.78,4,91.93
21.88,55.94,6,84.79
3.5,50.75,8,67.68
15.09,94.5,10,100.0
16.54,62.25,1,79.12
1.59,86.48,7,93.0
10.96,90.55,2,100.0
38.23,92.95,8,100.0
38.15,99.58,9,100.0
14.09,64.7,3,82.95
1.72,85.51,2,68.93
7.16,55.77,9,81.37
15.69,70.34,5,86.23
37.91,92.4,9,100.0
5.65,68.38,8,92.68
30.54,79.55,6,100.0
4.35,75.19,3,73.73
39.25,82.3,2,100.0
15.26,98.64,9,100.0
31.01,52.79,3,88.59
13.7,78.7,2,80.28
25.11,93.15,2,100.0
7.68,74.07,8,92.45
5.84,53.93,3,65.32
37.52,78.03,8,100.0
36.71,66.6,9,100.0
35.5,57.75,4,100.0
25.02,92.45,6,100.0
32.33,76.08,4,100.0
2.76,96.66,0,93.28
13.39,90.3,1,89.52
12.55,84.65,10,100.0
25.43,50.25,4,78.99
14.24,71.39,5,88.64
5.94,59.87,6,73.18
23.86,95.54,1,100.0
32.58,58.73,9,100.0
15.28,64.3,8,92.25
5.29,75.84,5,84.96
7.87,63.17,1,53.33
9.5,60.49,1,64.95
12.0,79.95,2,90.07
25.71,54.45,0,71.77
24.04,52.91,8,82.62
27.84,68.61,9,100.0
14.5,86.03,10,100.0
32.96,77.74,3,100.0
8.16,71.14,4,88.77
18.76,78.29,6,100.0
32.04,68.27,0,88.78
7.21,96.81,2,86.26
4.39,52.75,2,54.46
35.35,83.67,1,100.0
13.72,94.56,7,100.0
27.35,90.19,4,100.0
1.01,59.2,0,50.91
27.6,64.8,1,88.18
12.64,85.85,0,79.34
2.23,54.21,5,58.64
24.39,90.59,8,100.0
9.63,85.95,10,100.0
15.47,86.48,6,100.0
3.22,55.01,4,60.82
5.89,85.89,2,84.3
11.92,83.99,7,100.0
3.59,91.55,9,100.0
36.43,52.08,3,94.63
0.24,51.16,8,58.19
19.35,68.65,4,87.23
4.93,57.44,5,67.12
12.31,77.92,4,85.42
37.04,95.87,9,100.0
6.47,69.57,10,90.13
38.63,92.25,6,100.0
8.23,50.01,6,68.47
29.66,58.43,0,86.07
21.87,51.52,1,74.96
35.38,66.41,6,100.0
22.16,95.41,7,100.0
21.38,54.85,3,84.51
7.82,80.32,5,96.27
6.65,72.57,10,93.63
36.66,96.92,9,100.0
13.11,56.13,2,62.18
14.88,60.6,6,74.6
30.39,51.48,10,100.0
13.55,71.7,2,76.92
38.08,63.89,10,100.0
29.52,93.5,6,100.0
23.9,80.25,10,100.0
35.24,80.7,10,100.0
1.98,76.6,7,80.81
10.28,54.59,2,64.73
18.6,72.25,1,86.53
9.08,99.98,5,100.0
29.76,91.76,3,100.0
36.77,94.67,7,100.0
16.95,91.16,1,93.17
13.69,55.15,3,71.01
38.46,61.37,1,99.89
17.79,50.16,1,61.91
19.56,65.18,1,82.53
14.07,55.43,0,54.23
36.38,73.64,3,100.0
22.76,83.86,1,100.0
30.49,93.73,8,100.0
32.47,87.46,8,100.0
13.67,96.93,10,100.0
17.35,52.69,10,88.8
33.94,50.61,6,100.0
14.53,83.07,5,93.8
31.76,64.47,2,97.27
37.64,62.68,6,100.0
24.93,66.54,0,78.41
29.67,63.49,8,100.0
32.2,75.57,3,100.0
33.8,72.01,5,100.0
15.8,75.62,5,88.77
2.05,83.64,10,96.1
16.08,69.36,2,74.65
26.95,62.57,3,84.6
18.01,58.31,10,100.0
29.96,67.47,9,100.0
14.28,87.09,2,93.51
25.39,87.84,5,100.0
7.46,83.35,0,80.16
29.97,61.7,7,100.0
21.83,79.4,7,100.0
8.16,78.53,8,92.26
11.68,74.21,5,85.16
29.94,77.5,0,100.0
19.3,74.59,2,93.16
8.64,78.27,0,75.98
38.69,85.78,4,100.0
28.61,55.48,2,82.48
38.29,87.48,1,100.0
17.08,56.79,2,67.69
19.0,53.33,8,96.32
35.92,98.8,10,100.0
21.0,97.85,7,100.0
28.29,53.02,2,79.82
10.09,72.16,10,85.61
17.87,59.31,1,64.91
4.94,74.27,4,80.47
8.24,91.51,0,83.25
0.04,97.53,3,94.94
1.57,81.71,7,95.98
39.09,67.7,0,100.0
9.69,80.17,4,89.33
26.53,65.6,3,93.65
33.56,95.49,5,100.0
22.03,93.52,6,100.0
6.13,77.91,8,94.18
29.12,66.24,0,91.02
24.01,64.67,10,100.0
29.25,51.67,9,98.97
30.79,90.79,3,100.0
39.02,72.52,5,100.0
22.94,66.26,9,100.0
13.67,73.56,6,98.19
25.94,90.94,6,100.0
2.74,56.23,7,74.65
35.9,92.88,9,100.0
4.78,94.88,7,100.0
13.11,97.34,7,100.0
32.63,69.87,7,100.0
23.89,60.86,7,94.06
